"Year","Seed1","Score1","Team1","Team2","Score2","Seed2","ScoreDiff","Upset","ID","ADJOE_DIFF","ADJDE_DIFF","BARTHAG_DIFF","EFG_O_DIFF","EFG_D_DIFF","TOR_DIFF","TORD_DIFF","ORB_DIFF","DRB_DIFF","FTR_DIFF","FTRD_DIFF","X2P_O_DIFF","X2P_D_DIFF","X3P_O_DIFF","X3P_D_DIFF","ADJ_T_DIFF","WAB_DIFF"
2013,1,79,"Louisville","North Carolina A&T",48,16,31,0,"Louisville-North Carolina A&T",25.3,-11.2,0.628,4.9,-0.4,-4.4,3.6,8.4,0.1,-2.6,-6.2,5.4,0,2.6,-0.2,0.2,20.5
2013,2,73,"Duke","Albany",61,15,12,0,"Duke-Albany",17.2,-7.2,0.378,4.3,-2.8,-5.6,0.5,-2.9,4.1,-0.8,4.9,4.1,-1.4,2.9,-4.1,4.6,12
2013,3,65,"Michigan St.","Valparaiso",54,14,11,0,"Michigan St.-Valparaiso",3.6,-10.1,0.188,-5.1,-1.7,-1,-0.3,4.9,-0.6,-5.1,-4.4,-5.3,-0.2,-3,-3.7,-1.2,7.5
2013,4,64,"Saint Louis","New Mexico St.",44,13,20,0,"Saint Louis-New Mexico St.",5.5,-7.8,0.219,1.1,0.1,-4.3,5,-9,-0.7,-3,4.3,0.2,0.9,2.2,-0.8,-0.4,6.9
2013,5,55,"Oklahoma St.","Oregon",68,12,-13,1,"Oklahoma St.-Oregon",2.3,0,0.025,-0.5,-1.9,-3.2,-0.3,-4.5,3.6,2.1,1.8,0.4,-2.5,-1.7,-1,-1.9,0.3
2013,6,54,"Memphis","Saint Mary's",52,11,2,0,"Memphis-Saint Mary's",-7.8,-4.7,-0.024,-1.3,-1.6,2.4,4.2,-1.3,6.1,0.2,-2,-1.2,-0.2,-0.1,-3.7,4.5,2
2013,7,67,"Creighton","Cincinnati",63,10,4,0,"Creighton-Cincinnati",11.9,6.7,0.039,12,2.6,-0.5,-4.2,-9.9,-2.6,-1.3,-6.6,10.2,3.2,9.8,0.8,-0.3,1.8
2013,8,84,"Colorado St.","Missouri",72,9,12,0,"Colorado St.-Missouri",3.3,3.2,-0.006,-2,2.5,-1.7,-1.1,2.7,-5.4,9.1,6.7,-3,3,0.2,0.9,-2.9,0.7
2013,1,64,"Gonzaga","Southern",58,16,6,0,"Gonzaga-Southern",23,-6.5,0.485,5.8,3,0.4,0.6,11.6,-1.3,0.5,-5,9,1.6,-0.2,2.9,0.1,13.3
2013,2,95,"Ohio St.","Iona",70,15,25,0,"Ohio St.-Iona",0.8,-15.6,0.245,-1.5,-6.2,-0.9,1.4,-1,-5.2,2.8,-2.7,-1,-5.5,-1.1,-5.1,-6,13.1
2013,3,62,"New Mexico","Harvard",68,14,-6,1,"New Mexico-Harvard",2.1,-8.8,0.228,-5.9,-3.3,-3.2,-1.4,3.7,-3.8,-3.9,-5.5,-5.4,-6.9,-4.7,1.3,0.7,9.5
2013,4,61,"Kansas St.","La Salle",63,13,-2,1,"Kansas St.-La Salle",1.4,-1.7,0.038,-2.8,-1.8,1.1,0.9,9.5,-0.4,0.4,8.3,-2.5,-4.1,-1.9,3.1,-3,5.1
2013,5,46,"Wisconsin","Mississippi",57,12,-11,1,"Wisconsin-Mississippi",-2.8,-11.3,0.107,-0.5,-3.4,-0.2,-3.5,-1.5,-4.9,-9.1,-5.4,-1.4,-3.4,0.6,-2.4,-9,3
2013,6,81,"Arizona","Belmont",64,11,17,0,"Arizona-Belmont",5.5,-4,0.117,-4,-1.4,-0.1,-5.2,5.3,-7.5,4.6,-4.1,-6.3,-3.3,-0.1,2.3,-0.6,4.5
2013,7,58,"Notre Dame","Iowa St.",76,10,-18,1,"Notre Dame-Iowa St.",-4.3,-2.9,-0.008,-1.6,-1.2,-0.9,-2.6,-0.2,1,-1,-8.1,-1.3,-2.9,-0.4,1.4,-7.9,3.2
2013,8,55,"Pittsburgh","Wichita St.",73,9,-18,1,"Pittsburgh-Wichita St.",2.2,0.1,0.017,1.7,-0.7,-1.3,2,2.4,3.5,1,-1.9,1.9,0.4,1,-1.8,-4.7,0.9
2013,1,64,"Kansas","Western Kentucky",57,16,7,0,"Kansas-Western Kentucky",11.5,-14.2,0.462,4.7,-6.4,-1.9,-2.4,-1,-1.4,1.9,-5.8,4.6,-8.3,3.7,-2.1,1.7,15.9
2013,2,68,"Georgetown","Florida Gulf Coast",78,15,-10,1,"Georgetown-Florida Gulf Coast",4.2,-11.3,0.243,-0.5,-3.9,-0.9,0.3,-2.1,-1.8,1.6,2.6,-2.1,-5.5,1.9,-0.6,-6.6,10.6
2013,3,79,"Florida","Northwestern St.",47,14,32,0,"Florida-Northwestern St.",10.9,-16.4,0.396,6.2,-4.5,-1.4,0.8,-0.6,-8.9,-9.3,-10.6,4.3,-5,6.8,-2.9,-10.2,7.3
2013,4,71,"Michigan","South Dakota St.",56,13,15,0,"Michigan-South Dakota St.",11.8,-10,0.295,1.3,-3.2,-1.8,1.6,3.6,3.3,-4.6,-1.7,3,-2.2,-1,-3.2,0.8,9.4
2013,5,88,"VCU","Akron",42,12,46,0,"VCU-Akron",10.4,-2.3,0.179,0.3,5.3,-3.9,8.3,-1,4.2,-7.1,5.3,-1.6,7.4,2.4,0.1,1.6,2.3
2013,6,63,"UCLA","Minnesota",83,11,-20,1,"UCLA-Minnesota",-2.6,2.3,-0.057,-0.2,1.9,-5.8,-0.3,-12.9,0.8,-8.5,-12.1,0.1,4.1,-0.4,-1.5,5.5,1.2
2013,7,70,"San Diego St.","Oklahoma",55,10,15,0,"San Diego St.-Oklahoma",-4.3,-6.1,0.036,0.7,-2.7,0.6,-1.4,-1.4,-3.6,-0.1,-2.5,0.7,-3.1,0.4,-1.1,0.1,0.1
2013,8,78,"North Carolina","Villanova",71,9,7,0,"North Carolina-Villanova",6.3,2.5,0.039,2,0.7,-5.7,-0.5,1.5,2.1,-22.4,-13.8,0.3,3.9,4,-2.9,3.7,2.2
2013,1,83,"Indiana","James Madison",62,16,21,0,"Indiana-James Madison",22.5,-9.7,0.496,7.1,-4.7,2.1,-0.2,9.4,0.3,9,-12.2,5.8,-3.7,6.7,-4.3,3.6,16.7
2013,2,78,"Miami FL","Pacific",49,15,29,0,"Miami FL-Pacific",7.7,-10.3,0.322,1.4,-4.3,-1.1,-1.6,2.1,-2.4,-3.1,-11,3.8,-4,-2.7,-2.8,-0.4,11.4
2013,3,59,"Marquette","Davidson",58,14,1,0,"Marquette-Davidson",2.4,-5.1,0.106,-3.5,0.9,3.9,0.7,9.4,4.6,2,-4.7,-0.4,0.6,-7,0.2,-0.6,5.9
2013,4,81,"Syracuse","Montana",34,13,47,0,"Syracuse-Montana",11.4,-14.8,0.46,-3.9,-6,-0.2,5.3,13.7,4,-3.8,-0.5,-3.5,-5.4,-3,-4.9,1.5,6.5
2013,5,61,"UNLV","California",64,12,-3,1,"UNLV-California",-0.7,-3.9,0.054,0.9,-0.2,1.3,1.7,0.8,-3.6,5.5,-2.9,0.1,0.9,2.4,-2,2.8,1.3
2013,6,68,"Butler","Bucknell",56,11,12,0,"Butler-Bucknell",4.5,-0.1,0.069,1.1,4.2,5.1,3.3,6.6,2,2.7,6.7,1.9,4.2,-1.5,2.7,1.3,3.7
2013,7,57,"Illinois","Colorado",49,10,8,0,"Illinois-Colorado",4.9,2.5,0.024,-0.8,2.8,-2.4,2.3,0,2.6,-9.9,10.7,0.4,2.7,-2.7,2.1,0.6,1
2013,8,72,"North Carolina St.","Temple",76,9,-4,1,"North Carolina St.-Temple",4.5,1.1,0.043,5.2,-2.2,2.1,-3.5,3.9,1.2,5.3,-5.1,4,0.2,6.3,-5.1,1.3,0.7
2013,1,82,"Louisville","Colorado St.",56,8,26,0,"Louisville-Colorado St.",-0.7,-13.9,0.098,1.4,-3.8,1.1,10.5,-3.2,10.1,-4.1,-1.5,2.4,-3.7,-0.8,-2.3,2.3,7.1
2013,2,66,"Duke","Creighton",50,7,16,0,"Duke-Creighton",2,-3.5,0.039,-4.3,-0.4,-3.3,4.3,0,5.1,5,6.6,-4.9,0.7,-1.5,-2.2,2.6,4
2013,3,70,"Michigan St.","Memphis",48,6,22,0,"Michigan St.-Memphis",5.3,-2.4,0.072,-1.8,-1,0.1,-2.9,0.5,-3.5,-0.6,-2.5,-0.7,0.5,-3.1,-2.9,-4.9,2.2
2013,4,57,"Saint Louis","Oregon",74,12,-17,1,"Saint Louis-Oregon",3.2,-1.1,0.045,1.1,-0.9,-3.8,1.6,-7.9,1.9,5.6,1.7,0.9,-0.8,0.7,-0.3,-4.5,0.9
2013,1,70,"Gonzaga","Wichita St.",76,9,-6,1,"Gonzaga-Wichita St.",8.3,-0.8,0.055,4.9,-0.4,-2.2,0.8,-0.2,3.3,4.3,-8.4,5.4,-1.5,2.6,0.7,0.1,5.4
2013,2,78,"Ohio St.","Iowa St.",75,10,3,0,"Ohio St.-Iowa St.",-3.6,-8.9,0.058,-3.2,-2.6,-2.3,2.1,-2.4,-0.3,2.5,-3.2,-2.5,-5.2,-1.8,1.3,-4.3,6.5
2013,14,51,"Harvard","Arizona",74,6,-23,1,"Harvard-Arizona",-9.5,7.7,-0.287,1.8,2.6,1.3,1.1,-9.4,4.7,12.2,-1.7,0.9,5.5,2.7,-2.5,-2.1,-7.2
2013,13,76,"La Salle","Mississippi",74,12,2,0,"La Salle-Mississippi",2,0.6,0.018,2.8,2.9,1.2,-0.2,-5.1,2.4,-7.5,-2.6,-0.1,4.4,5.3,-1.1,-4.9,-1.3
2013,1,70,"Kansas","North Carolina",58,8,12,0,"Kansas-North Carolina",0,-6.8,0.061,4,-6.5,3.1,-3.1,-0.8,-2.3,11.3,4.9,6.6,-7,-0.8,-4.1,-3.7,5
2013,15,81,"Florida Gulf Coast","San Diego St.",71,7,10,0,"Florida Gulf Coast-San Diego St.",-2.6,6.8,-0.18,3.1,2.2,2.9,3.9,0.7,4.9,-0.1,3.8,4,3.6,0.7,-0.5,2.3,-4.4
2013,3,78,"Florida","Minnesota",64,11,14,0,"Florida-Minnesota",3.1,-6.8,0.064,5.9,-2.3,-3.8,2.3,-9.4,-4.8,-10.6,-6.8,5.5,-1,4.1,-2.9,-1.3,2
2013,4,78,"Michigan","VCU",53,5,25,0,"Michigan-VCU",7.7,1.6,0.033,3.3,-1.9,-2.3,-9.8,-4.1,-5.3,-1.4,-17.6,2.9,-2.5,2.8,-0.3,-3.3,3.6
2013,1,58,"Indiana","Temple",52,9,6,0,"Indiana-Temple",10.3,-7.2,0.147,5.7,-5,3.4,0.8,8.2,0,10.2,-7.1,3.2,-4.1,7.5,-4.9,1,6.3
2013,2,63,"Miami FL","Illinois",59,7,4,0,"Miami FL-Illinois",2.6,-1.9,0.046,4.4,-3,-0.9,-3.3,-2.3,-4.6,3.6,-7.7,3.2,-3.4,4.5,-1.5,-3.1,3.9
2013,3,74,"Marquette","Butler",72,6,2,0,"Marquette-Butler",3.8,0.2,0.04,-1.1,-0.5,0.7,2.1,2.5,6.8,2.5,-4.4,1.4,-0.4,-4.7,-0.9,-0.1,-0.2
2013,4,66,"Syracuse","California",60,12,6,0,"Syracuse-California",7.6,-5.3,0.132,1,-1.7,0,6.8,6.3,3.8,5.6,2.9,-0.3,0.9,3.2,-5.2,-1.1,4.6
2013,1,77,"Louisville","Oregon",69,12,8,0,"Louisville-Oregon",11.1,-4.1,0.102,1.3,-1.6,-3.1,5,2.4,6.1,1.6,1.6,1.7,-1.5,0,-1.6,-2.1,6.1
2013,2,71,"Duke","Michigan St.",61,3,10,0,"Duke-Michigan St.",7,3.7,0.011,3.3,1,-5.2,1.2,-7.3,4.7,2.6,0.3,0.4,1.9,5.8,-1.1,3.4,0.8
2013,2,71,"Duke","Michigan St.",61,3,10,0,"Duke-Michigan St.",-1,-1.8,0.005,-1.6,1.1,-1,4.5,1.7,3.1,-0.4,-3.5,3.7,3.1,-7,-1.7,5,0.5
2013,9,72,"Wichita St.","La Salle",58,13,14,0,"Wichita St.-La Salle",-1.4,-5.2,0.053,-1.9,-4,2.3,-1.3,9,-7.7,5.2,9.8,0.3,-7,-3.8,2,-1,1.9
2013,2,73,"Ohio St.","Arizona",70,6,3,0,"Ohio St.-Arizona",-0.8,-2.8,0.018,-1.9,-1.2,-3.3,0.9,-3.2,1.5,-1.9,-3.4,-1.2,0.2,-1.5,-3.4,-1.5,2.6
2013,1,85,"Kansas","Michigan",87,4,-2,1,"Kansas-Michigan",-9.9,-7.5,-0.001,-1.3,-6.5,5.7,-0.3,1.3,-0.1,11.1,9.3,-0.5,-8.3,-1.5,-2.3,2.9,1.3
2013,15,50,"Florida Gulf Coast","Florida",62,3,-12,1,"Florida Gulf Coast-Florida",-12.3,10.6,-0.274,-3.6,3.6,3.2,-0.4,-1.7,4.4,4.2,2.8,-2,5.1,-4.4,0.3,6.3,-8.1
2013,1,50,"Indiana","Syracuse",61,4,-11,1,"Indiana-Syracuse",8,2.7,0.016,5.7,1.4,0.4,-2.7,0.2,-3.1,9,-8.4,3.5,0.6,6.9,2,2.4,2.7
2013,2,61,"Miami FL","Marquette",71,3,-10,1,"Miami FL-Marquette",-0.6,-2.4,0.019,2.3,-0.5,-4.2,-1.1,-7.1,-4.7,-6.3,-3.4,-1,-0.9,6.6,0.3,-1.6,1.8
2013,1,85,"Louisville","Duke",63,2,22,0,"Louisville-Duke",-2.5,-7,0.024,-3.3,-0.7,2.7,6.6,9.4,1,0.8,2.2,0,-2.8,-6.6,2.8,-0.7,1.5
2013,9,70,"Wichita St.","Ohio St.",66,2,4,0,"Wichita St.-Ohio St.",-3,1.6,-0.036,-0.6,-0.1,3.2,-0.7,6.2,-1.7,1,8.8,0.2,0,-1.7,-0.2,-0.3,-5
2013,4,79,"Michigan","Florida",59,3,20,0,"Michigan-Florida",5.8,8,-0.017,-0.6,4.7,-3.2,-3.8,-1.7,1,-2.6,-7.2,-0.9,5.8,0.1,1.6,2,2.1
2013,4,79,"Michigan","Florida",59,3,20,0,"Michigan-Florida",4.3,-6,0.072,1.8,-4,-4,-4.4,-5.9,-7.4,-2.4,-9.5,2.3,-4.2,0.8,-2.5,1.6,8.5
2013,4,55,"Syracuse","Marquette",39,3,16,0,"Syracuse-Marquette",0,-6.2,0.051,-0.6,-3.6,-2,4.1,0.4,1.4,-4.1,3.7,-3.1,-2.3,3.8,-3.9,0.8,0.6
2013,1,72,"Louisville","Wichita St.",68,9,4,0,"Louisville-Wichita St.",5.3,-6.5,0.07,0.6,-0.5,-1.1,7,0.2,6.8,3.5,-3.4,1.2,-0.2,-0.6,-0.4,2.1,6.8
2013,4,61,"Michigan","Syracuse",56,4,5,0,"Michigan-Syracuse",8.5,6.7,-0.001,5.6,5.4,-4.3,-4.9,-6.3,-5.1,-8.4,-12.7,4.9,5,4.5,4.2,-0.6,1.1
2013,1,82,"Louisville","Michigan",76,4,6,0,"Louisville-Michigan",-5.6,-9.2,0.022,-4,-3.2,3.7,8.3,5.7,3.9,11.6,12.2,-2.6,-4.2,-4.6,-0.8,2.3,2.8
2013,1,82,"Louisville","Michigan",76,4,6,0,"Louisville-Michigan",-5.7,-6.1,0.01,-5.6,-6.2,1.8,0.1,12,-1.5,3.9,11.6,-5.8,-5.2,-3,-6.2,5.4,3.1
2014,1,67,"Florida","Albany",55,16,12,0,"Florida-Albany",13.1,-14.7,0.468,3.4,-2.9,-2.2,3,3.4,-0.4,0.4,2.1,4.3,-2.5,-0.1,-1.9,-0.1,20.3
2014,2,80,"Kansas","Eastern Kentucky",69,15,11,0,"Kansas-Eastern Kentucky",7.1,-11.9,0.309,-2.5,-8.6,3.3,-7.8,14.3,-5.2,5.1,-9.4,-0.2,-12.4,-4.6,-0.3,2.2,10.2
2014,3,77,"Syracuse","Western Michigan",53,14,24,0,"Syracuse-Western Michigan",9.5,-9.7,0.355,-3.8,0.4,-6.1,3.4,7.1,-0.5,-13.2,2,-6,-2.3,0.5,3,-5.5,10.8
2014,4,76,"UCLA","Tulsa",59,13,17,0,"UCLA-Tulsa",13.4,0.8,0.163,4.9,3.5,-2.2,0,-0.4,-1,-8.9,-11.8,3.8,5.4,5.3,-0.8,1.8,8.1
2014,5,75,"VCU","Stephen F. Austin",77,12,-2,1,"VCU-Stephen F. Austin",-3.7,-11.8,0.143,-4.4,-2.7,0.3,2,-3.3,1.9,-4.7,-11,-6.7,-1.2,0,-4.4,7.3,1.9
2014,6,59,"Ohio St.","Dayton",60,11,-1,1,"Ohio St.-Dayton",-4.6,-10.6,0.092,-2.1,-3.6,-0.9,3.1,-4.3,0.8,1.7,-13.2,0.7,-2.4,-5.3,-3.9,0,3.9
2014,7,53,"New Mexico","Stanford",58,10,-5,1,"New Mexico-Stanford",1.1,-0.8,0.026,-0.2,-3,-1.1,-2.1,3.2,0.1,1.7,-5.7,1.8,-4.7,-3.2,-0.1,-1,3.3
2014,8,48,"Colorado","Pittsburgh",77,9,-29,1,"Colorado-Pittsburgh",-10.2,2,-0.152,-2.4,2.7,3.4,-1.4,-3.2,-2.9,4,-6.2,-1.5,1.8,-3.3,3,3.1,-1.7
2014,1,70,"Virginia","Coastal Carolina",59,16,11,0,"Virginia-Coastal Carolina",16.3,-12.5,0.55,2.8,-3.3,-3.7,0.1,-0.3,-3.5,3.4,-7.1,1.4,-4.6,4.3,-0.1,-6.3,15.9
2014,2,73,"Villanova","Milwaukee",53,15,20,0,"Villanova-Milwaukee",10.9,-11.4,0.414,4.5,-2.8,-2.6,1.5,4,-2.5,-0.2,2.1,4.7,-7.4,2.9,4.3,-0.2,14.4
2014,3,93,"Iowa St.","North Carolina Central",75,14,18,0,"Iowa St.-North Carolina Central",10.7,-1.4,0.188,4,3.3,-2.7,-7.8,-6.6,-4.6,-13.1,-14.1,3.6,2.8,3.3,3.1,7.5,8.1
2014,4,93,"Michigan St.","Delaware",78,13,15,0,"Michigan St.-Delaware",8.9,-10.7,0.308,4.1,-3.6,4,0.9,3.8,-5.3,-10.2,2.3,2.6,-6.1,4.5,0.5,-6.1,8.3
2014,5,57,"Cincinnati","Harvard",61,12,-4,1,"Cincinnati-Harvard",-3.2,-3.7,0.014,-4.4,-1.4,-0.2,1.3,6.8,3,-9.7,-0.3,-3.1,-1.7,-5.1,-0.7,-2,3.1
2014,6,79,"North Carolina","Providence",77,11,2,0,"North Carolina-Providence",-1.5,-5.7,0.063,1.6,-1.9,-0.4,2.9,2.8,0.5,1,7.7,3.2,-2.1,-1.1,-1.1,5.9,3
2014,6,79,"North Carolina","Providence",77,11,2,0,"North Carolina-Providence",14.6,-0.5,0.134,4.6,-1.2,-0.7,-2.4,10.3,-0.3,-5,2.4,5.9,-5.2,0.6,3.9,2.4,5.2
2014,7,89,"Connecticut","Saint Joseph's",81,10,8,0,"Connecticut-Saint Joseph's",-1.3,-6.2,0.062,-2.4,-3.2,-1.4,4.3,0.9,5,-5.3,5.1,-4.2,-3.8,0.8,-1.2,-1.1,2.6
2014,8,71,"Memphis","George Washington",66,9,5,0,"Memphis-George Washington",2.4,0.2,0.033,0.4,1.2,-0.4,0.7,0.7,1.9,-7.1,0.4,2.5,1.8,-3.4,-0.2,2.3,-0.4
2014,1,88,"Arizona","Weber St.",59,16,29,0,"Arizona-Weber St.",10.2,-19.2,0.481,-2.4,-5.5,-3.3,5.3,8,-1.4,-8.7,-0.9,-0.4,-6.8,-3,-1.7,0,16.3
2014,2,75,"Wisconsin","American",35,15,40,0,"Wisconsin-American",20.9,-1.8,0.326,-2.5,0.8,-10.4,-4.3,1.6,-2.3,7.7,-13.6,-3.8,0.2,-0.3,2.2,2.5,13.4
2014,3,76,"Creighton","Louisiana Lafayette",66,14,10,0,"Creighton-Louisiana Lafayette",14.7,-2.6,0.259,7.4,-1.9,-3.8,-3.7,-8.8,-4,-10.4,-11,6.7,-3.6,4.3,1,-4.6,9.4
2014,4,73,"San Diego St.","New Mexico St.",69,13,4,0,"San Diego St.-New Mexico St.",-2.2,-11.3,0.157,-6.5,0,-3.5,4.5,-1.6,-3.6,-8.8,-1.7,-7.8,0.8,-1.9,-2.4,-3.1,8.3
2014,5,75,"Oklahoma","North Dakota St.",80,12,-5,1,"Oklahoma-North Dakota St.",4.3,-3.6,0.118,-2.8,-0.1,0.1,0.7,1.8,2.5,-2.2,-1.7,-6.7,2.7,3.2,-3.6,7.6,3.9
2014,6,74,"Baylor","Nebraska",60,11,14,0,"Baylor-Nebraska",11,4.5,0.071,3,1.1,1.1,-3.2,14.4,3,2.5,-12.6,0.9,-1.4,4.7,4.1,-3.5,1.8
2014,7,87,"Oregon","BYU",68,10,19,0,"Oregon-BYU",4.3,-0.5,0.064,2.9,0,0.8,2.3,-2.7,3.3,-3.8,11,1.8,1.2,2,-1.3,-3.7,2
2014,8,85,"Gonzaga","Oklahoma St.",77,9,8,0,"Gonzaga-Oklahoma St.",-2,-1.5,0,2.8,-1.7,2.7,-2.6,2.6,-2.5,-8.5,-2.4,2.3,-1.7,2.6,-0.9,-2.7,2.6
2014,1,64,"Wichita St.","Cal Poly",37,16,27,0,"Wichita St.-Cal Poly",14.4,-11.4,0.494,6.4,-4.6,1.5,0.1,4.1,-7,13.7,-7.2,8.1,-5,2,-2.7,4.7,18.8
2014,2,57,"Michigan","Wofford",40,15,17,0,"Michigan-Wofford",25.3,-2.3,0.502,6.9,-0.1,-1.6,-2.6,-1.5,1.5,1.9,-12.7,5.3,0.6,5.6,-1.1,0.5,14.2
2014,3,71,"Duke","Mercer",78,14,-7,1,"Duke-Mercer",16.3,-3.2,0.244,-0.2,2.5,-2.9,-0.5,3.2,0.2,1.5,-0.2,-1.3,3.4,0.7,-0.3,1.5,9.3
2014,4,71,"Louisville","Manhattan",64,13,7,0,"Louisville-Manhattan",12.6,-8.8,0.219,2.8,-1.5,-4.4,3.3,2.7,-0.6,-14.3,-14.4,4,0.3,-0.1,-4.1,-0.8,5.8
2014,5,83,"Saint Louis","North Carolina St.",80,12,3,0,"Saint Louis-North Carolina St.",-9.9,-11,0.041,-0.4,-3.1,2.8,3.6,-5.3,-6.6,3.3,-7,-1,-2.9,1.2,-2.5,1,3.2
2014,6,67,"Massachusetts","Tennessee",86,11,-19,1,"Massachusetts-Tennessee",-9.1,3.5,-0.142,0.6,0.1,2,1.8,-5.4,4.2,-2.6,5.7,-0.7,2.3,2.7,-3.7,8.7,3.2
2014,7,87,"Texas","Arizona St.",85,10,2,0,"Texas-Arizona St.",2.1,0.3,0.025,-5,0.2,1.2,-0.7,15.1,0,0.9,3.7,-1.9,-2.4,-6.3,2.6,-0.6,2.4
2014,8,56,"Kentucky","Kansas St.",49,9,7,0,"Kentucky-Kansas St.",9.3,3.3,0.059,1.1,0.7,-0.4,-2.9,7.3,-3.5,11.5,-8.6,1.7,-1,0.1,2.9,1.1,3.4
2014,1,61,"Florida","Pittsburgh",45,9,16,0,"Florida-Pittsburgh",-1.2,-5.6,0.031,1.5,-1.3,1.2,2.1,-1.9,-1,-1.9,-5.2,1.2,-2,0.8,0.4,-0.7,7.6
2014,2,57,"Kansas","Stanford",60,10,-3,1,"Kansas-Stanford",7.5,-0.9,0.083,2.9,-0.9,2.1,-0.6,8,0.7,3.3,8.5,5.6,-1.5,-2.4,0.6,1,5.8
2014,3,53,"Syracuse","Dayton",55,11,-2,1,"Syracuse-Dayton",1.2,-6.3,0.097,-4.2,-0.8,-3.3,3.1,4.2,2.7,-2.4,-6.3,-2.7,-2.8,-4.6,1.3,-3.9,7.3
2014,4,77,"UCLA","Stephen F. Austin",60,12,17,0,"UCLA-Stephen F. Austin",7,-5,0.164,1.8,-0.6,-2.4,-3.3,-8.4,-0.3,-1.7,-15,0.7,-1.4,3.1,-0.3,6.7,2.8
2014,1,78,"Virginia","Memphis",60,8,18,0,"Virginia-Memphis",2,-7.5,0.097,-1.1,-4.2,-2.1,-1.9,-1.9,-7.5,2.5,-1.3,-3.7,-7.1,3.9,1.3,-8.3,5.4
2014,2,65,"Villanova","Connecticut",77,7,-12,1,"Villanova-Connecticut",2.7,1.2,0.009,2.1,1.7,0,0.4,2.2,-4.1,6.2,2.9,5.7,0.8,-3.1,2.3,2.8,3.6
2014,3,85,"Iowa St.","North Carolina",83,6,2,0,"Iowa St.-North Carolina",5.2,4.1,0.002,4.3,0.7,-2.4,-3.4,-9.3,-2.8,-6.5,-10.7,4.7,-0.7,2.2,2.4,0.8,3.3
2014,4,80,"Michigan St.","Harvard",73,12,7,0,"Michigan St.-Harvard",7.7,0.1,0.068,2.4,-0.4,-0.2,-3.4,0.6,-1.8,-14.7,4,2.4,-1.4,0.6,0.5,0.7,4.7
2014,1,84,"Arizona","Gonzaga",81,8,3,0,"Arizona-Gonzaga",2.6,-5.9,0.057,-3.5,-2.3,-1.7,1.7,5.8,-2.2,-0.2,-4.4,-2.9,-3.1,-2.6,0.2,-2.2,5.4
2014,2,85,"Wisconsin","Oregon",77,7,8,0,"Wisconsin-Oregon",4.6,-4.1,0.072,-0.2,-1.9,-3.4,-3.6,-4.1,-4.5,-1.1,-20.7,0.3,-3.5,-1.3,1.7,-5.4,5.3
2014,2,85,"Wisconsin","Oregon",77,7,8,0,"Wisconsin-Oregon",14.8,-5.5,0.138,2.5,-0.3,-4.5,-0.9,1.9,-7.8,7.1,-13,4,-2.4,-0.4,4.3,-7.6,8.3
2014,2,85,"Wisconsin","Oregon",77,7,8,0,"Wisconsin-Oregon",0.1,-3.1,0.04,-0.9,-1.2,-3.2,-3.7,-5.1,-2.3,-2.1,-8.1,-1.9,-4.7,0.8,2.5,-0.4,7.4
2014,3,55,"Creighton","Baylor",85,6,-30,1,"Creighton-Baylor",6,2.4,0.026,7.6,-0.2,-2.8,-1,-12.4,-4.2,-10.9,0.7,8,0.6,3.4,-1.4,2.5,2.5
2014,4,63,"San Diego St.","North Dakota St.",44,12,19,0,"San Diego St.-North Dakota St.",-4.5,-12.3,0.135,-7.8,-5.4,-0.4,3.5,5.5,1.5,3.5,-7.8,-10.3,-2.6,-0.5,-7,0,5.8
2014,1,76,"Wichita St.","Kentucky",78,8,-2,1,"Wichita St.-Kentucky",-0.8,-3.2,0.023,2.5,-1.3,-1.9,2.1,-7,-3.5,-4.9,-1.1,2.3,-1.3,1.8,-1.1,-0.8,4.2
2014,2,79,"Michigan","Texas",65,7,14,0,"Michigan-Texas",12.6,3.2,0.079,8.3,2.9,-2.7,0.8,-10.2,0.3,-8.5,-14.3,5.8,7.3,7.5,-3.4,-6.1,4.1
2014,14,63,"Mercer","Tennessee",83,11,-20,1,"Mercer-Tennessee",-8.5,8.4,-0.238,4.2,0.3,0.7,2.1,-7.7,3.6,-4.5,9.5,1,2.4,6.9,-3.5,2.1,-3.2
2014,4,66,"Louisville","Saint Louis",51,5,15,0,"Louisville-Saint Louis",13.9,-2.8,0.123,3.9,-0.5,-3.3,4,8.3,3.7,0.9,2.8,2.2,-0.1,5.1,-1,1.3,1.5
2014,1,79,"Florida","UCLA",68,4,11,0,"Florida-UCLA",-3.1,-8.2,0.041,-1.9,-4.5,3,1,5.5,-0.6,4.2,-4.5,-1.7,-5.1,-2.1,-1.4,-7.1,7.2
2014,10,72,"Stanford","Dayton",82,11,-10,1,"Stanford-Dayton",-1.3,-2.6,0.025,-1.1,-0.8,-1.1,-1.8,-4.6,-0.7,4.4,-6,-0.5,-2.5,-1.3,1.7,1.8,0.5
2014,1,59,"Virginia","Michigan St.",61,4,-2,1,"Virginia-Michigan St.",-5,-5.8,0.013,-3.7,-1.6,-0.9,0.7,1,-1.7,8.3,-7.8,-3.1,-1.4,-2.3,-0.9,-5,1.3
2014,1,59,"Virginia","Michigan St.",61,4,-2,1,"Virginia-Michigan St.",-4.2,-8.5,0.032,-2.6,-2.6,-1.8,1.4,0.8,-2.8,2.2,-10.4,-1.1,-3.7,-3.3,-0.7,-5.5,7
2014,7,81,"Connecticut","Iowa St.",76,3,5,0,"Connecticut-Iowa St.",-6.1,-7.5,0.027,-2.7,-3.1,2.8,3.7,1.6,4.3,1.9,5,-6.3,-3.8,2.9,-1.1,-6.8,-2.8
2014,1,70,"Arizona","San Diego St.",64,4,6,0,"Arizona-San Diego St.",6.8,-3.3,0.068,5,-2.1,0.5,-1.5,0.3,-2.1,-4.1,1.8,5.6,-3.3,2.2,1.2,0.3,3.4
2014,2,69,"Wisconsin","Baylor",52,6,17,0,"Wisconsin-Baylor",3.5,-3.6,0.056,2,-1.5,-5.1,-0.5,-12,-4.6,-2.1,-5.2,3,-0.5,-0.4,-1.5,1,4.8
2014,8,74,"Kentucky","Louisville",69,4,5,0,"Kentucky-Louisville",-1.6,8.6,-0.065,-3.6,2.1,2.8,-8.9,4.9,-3,10.6,-1.6,-2.7,0.6,-3.6,3.6,-2.9,-1.4
2014,2,73,"Michigan","Tennessee",71,11,2,0,"Michigan-Tennessee",6.9,6.5,-0.008,5.9,2.9,-2,0.2,-10.3,3,-6.9,-4.8,2.1,5.7,8.3,-2.7,-0.5,7.3
2014,1,62,"Florida","Dayton",52,11,10,0,"Florida-Dayton",2.9,-10.7,0.139,-0.2,-3.4,-0.6,2.5,1.4,-0.8,1.8,-11.8,0.9,-4.8,-1.8,-0.2,-2.3,11.1
2014,4,54,"Michigan St.","Connecticut",60,7,-6,1,"Michigan St.-Connecticut",7.1,4,0.015,3,1.2,0.1,-1.9,2.5,-5.3,-4.6,4.6,4,1.3,0.5,0.2,1.4,2.2
2014,1,63,"Arizona","Wisconsin",64,2,-1,1,"Arizona-Wisconsin",-6.5,-8.5,0.019,-1.6,-4.9,3,3.8,8.3,-0.1,-1.7,7.1,-0.6,-5.7,-1.2,-2.1,0.4,1.5
2014,8,75,"Kentucky","Michigan",72,2,3,0,"Kentucky-Michigan",-7.8,-3.7,-0.023,-5.8,-3.4,3.3,-1,12.6,-0.8,16.9,10.1,-2.7,-5.3,-7,0.4,3.3,-3.8
2014,1,53,"Florida","Connecticut",63,7,-10,1,"Florida-Connecticut",3.4,-2.9,0.04,0.7,0.8,0.2,1.7,4.9,-4.8,4.1,-4.5,3.2,1.3,-2.8,0,-1.7,7
2014,2,73,"Wisconsin","Kentucky",74,8,-1,1,"Wisconsin-Kentucky",5.5,-0.3,0.038,3.4,1.2,-5.4,-0.8,-13.9,-2.3,-9.1,-9.7,1.3,1,4.4,1.9,-2,4
2014,7,60,"Connecticut","Kentucky",54,8,6,0,"Connecticut-Kentucky",-4.7,-4.9,0.011,1.6,-1.4,-0.8,3.5,-11.6,3.1,-13.5,-1.1,-1.9,-2.7,5.5,0.8,-1.1,0.8
2015,1,79,"Kentucky","Hampton",56,16,23,0,"Kentucky-Hampton",25.5,-18.3,0.69,5.9,-6.8,-3.9,1.2,7.7,0.9,0.1,-13.8,5.6,-5.4,4.5,-6.8,-6.1,25.7
2015,2,75,"Kansas","New Mexico St.",56,15,19,0,"Kansas-New Mexico St.",9.7,-7.5,0.269,-1.2,-1.8,-2.6,-3.1,-4.4,0.6,-1.7,1.3,-2.9,-3,1.7,0.7,3.2,13.5
2015,3,69,"Notre Dame","Northeastern",65,14,4,0,"Notre Dame-Northeastern",18.3,-2.4,0.282,3.8,-1.9,-7,1.8,-2.2,6.9,-4.7,-0.9,5.2,-1.7,0.4,-1.8,0.3,13.2
2015,4,65,"Maryland","Valparaiso",62,13,3,0,"Maryland-Valparaiso",5.2,-0.5,0.091,-0.1,0.3,-0.1,-1.4,-5.8,3.1,7.9,-5.3,0,1.8,-0.8,-1.6,1.4,6.8
2015,5,68,"West Virginia","Buffalo",62,12,6,0,"West Virginia-Buffalo",1.2,-4.7,0.099,-2.6,4.2,2,8.3,5.6,0.7,-2.2,21.2,-2.1,3.8,-2.5,3.5,-0.3,5.4
2015,6,56,"Butler","Texas",48,11,8,0,"Butler-Texas",-1.8,-2.1,0.007,-0.7,4.6,-3.1,5.5,-3.2,-3.3,4.2,-1.4,-2,9.4,1.8,-4,1.1,2.6
2015,7,81,"Wichita St.","Indiana",76,10,5,0,"Wichita St.-Indiana",-5.2,-11.5,0.08,-4.1,-4.5,-2.2,5.4,-0.8,-4.1,3.5,3.8,-1.3,-8.3,-5.2,2.8,-4.6,4.5
2015,8,66,"Cincinnati","Purdue",65,9,1,0,"Cincinnati-Purdue",-4,-1.6,-0.027,-0.8,-1.3,1.1,2.3,0.8,1.4,-4.6,-12.3,-1.3,-0.1,0.2,-3.2,-4.7,-2.3
2015,1,86,"Wisconsin","Coastal Carolina",72,16,14,0,"Wisconsin-Coastal Carolina",24.6,-9.4,0.434,4.8,0,-5.1,-1.1,-2.7,-4.3,-2.7,-12.6,6.7,-1.1,0.6,3.7,-4.8,16.4
2015,2,93,"Arizona","Texas Southern",72,15,21,0,"Arizona-Texas Southern",15.6,-21.2,0.633,4,-4.2,-3.2,1.9,0.7,-12.2,0.3,4.2,3.3,-5.8,3.8,-0.9,3,13.5
2015,3,56,"Baylor","Georgia St.",57,14,-1,1,"Baylor-Georgia St.",6.8,-5.3,0.151,-2.2,0,3.8,-3.9,11.9,-3.3,0.9,-7.7,-7.3,3.3,6,-3.3,-1.1,8
2015,4,67,"North Carolina","Harvard",65,13,2,0,"North Carolina-Harvard",17.2,-2.4,0.245,4.5,-1.2,-0.2,-2.4,7.6,2.8,-3.7,4.9,5.4,1.1,1.5,-4,8.3,7.8
2015,5,56,"Arkansas","Wofford",53,12,3,0,"Arkansas-Wofford",10.9,-0.8,0.215,-1.1,1.3,-0.3,2.3,6.3,6.9,-0.3,2.4,-0.3,-1.1,-1.9,4.3,8.7,3.7
2015,6,76,"Xavier","Mississippi",57,11,19,0,"Xavier-Mississippi",3.5,-4.1,0.101,5.5,2.4,1.6,0.1,-3.5,-4.1,2.4,-7.9,6.9,5.3,1.9,-1.2,-1.1,1.8
2015,7,72,"VCU","Ohio St.",75,10,-3,1,"VCU-Ohio St.",-5.5,0.9,-0.073,-5.5,3.1,-1.3,1.9,-1.7,-1.4,2.6,10,-6.7,3.1,-2.7,2.3,0.9,0.5
2015,8,79,"Oregon","Oklahoma St.",73,9,6,0,"Oregon-Oklahoma St.",3.6,3.7,-0.009,2.1,1.5,-1.6,-4.4,3.3,-1.1,-9.9,-6.7,1.6,3,2.3,-1.2,2.9,2.8
2015,1,93,"Villanova","Lafayette",52,16,41,0,"Villanova-Lafayette",12.1,-23.4,0.582,-0.5,-8,-0.8,4.8,4.8,-3.3,11.4,2.9,0.2,-6.2,-1.9,-7.5,-0.4,18.4
2015,2,79,"Virginia","Belmont",67,15,12,0,"Virginia-Belmont",3.4,-22.7,0.415,-5.9,-9,-4.6,-0.6,5.4,-5.4,2.7,0.4,-6.7,-11.1,-2.5,-3.5,-9.2,14.7
2015,3,69,"Oklahoma","Albany",60,14,9,0,"Oklahoma-Albany",6.7,-13.7,0.36,-0.6,-5.5,-1.2,-0.4,-1.1,5.4,-6.2,-2,0.3,-4,-1.5,-4.5,6.2,7.8
2015,4,57,"Louisville","UC Irvine",55,13,2,0,"Louisville-UC Irvine",4.3,-9.4,0.209,-3,-0.7,-1,4.1,4.7,0.1,8.5,-2,0.6,0.9,-7.5,-3.3,1.7,10.4
2015,5,71,"Northern Iowa","Wyoming",54,12,17,0,"Northern Iowa-Wyoming",13.3,-5.2,0.311,3.7,-1.4,-1,1.3,5,-0.1,-0.6,0,-1.1,0,7.2,-2.8,-0.7,6.9
2015,6,53,"Providence","Dayton",66,11,-13,1,"Providence-Dayton",4.6,-0.8,0.076,-4.5,0.9,0.2,-1.4,11.9,0.6,-7.4,8.7,-3.7,0.6,-4.3,0.8,1.9,2.9
2015,7,70,"Michigan St.","Georgia",63,10,7,0,"Michigan St.-Georgia",8.7,0,0.085,4.7,0.5,-1.7,-0.2,1.3,-1.5,-15,4.7,3.6,0.6,4.3,0.3,-0.9,1.4
2015,8,66,"North Carolina St.","LSU",65,9,1,0,"North Carolina St.-LSU",6.3,4,0.021,-1,0.9,-4.2,-4.2,0,-2.7,1.8,5.3,-2.8,-0.3,1.7,2.1,-5.4,0.6
2015,1,85,"Duke","Robert Morris",56,16,29,0,"Duke-Robert Morris",24.5,-12.7,0.548,6.5,-2.8,-3.5,-3.2,4.8,-5.7,4.3,-13.7,8.5,-2,1.2,-2.7,0.4,19.3
2015,2,86,"Gonzaga","North Dakota St.",76,15,10,0,"Gonzaga-North Dakota St.",19.4,-7.6,0.446,8.2,-3.9,0.1,0.6,7.8,4.3,3,-0.2,11.5,-3,1.8,-3.2,3.7,11.7
2015,3,59,"Iowa St.","UAB",60,14,-1,1,"Iowa St.-UAB",14.2,-4.5,0.338,6.7,0,-4.3,-1.2,-5.9,-3.5,0.8,-9.6,7.7,-2.2,3,2.8,4.5,14.5
2015,4,84,"Georgetown","Eastern Washington",74,13,10,0,"Georgetown-Eastern Washington",2.5,-14.1,0.33,-3.8,-5.2,3.3,2.4,5,0.3,8.7,8.1,-1.7,-6.1,-4,-2.5,-3.9,6.3
2015,5,57,"Utah","Stephen F. Austin",50,12,7,0,"Utah-Stephen F. Austin",3.9,-10.1,0.159,-0.4,-6,-2.1,-6.2,-6.3,-1.2,1.5,-14.8,-3.1,-6.9,2.8,-2.5,-5,2.5
2015,6,59,"SMU","UCLA",60,11,-1,1,"SMU-UCLA",-0.7,-2,0.021,2.5,-2.8,1.9,2.4,2.8,0.6,8.1,-1.1,3.9,-2.5,-0.5,-2.9,-3.2,3.1
2015,7,83,"Iowa","Davidson",52,10,31,0,"Iowa-Davidson",-4.3,-10.2,0.078,-7.3,-3.7,3,1.9,6,-0.1,9.5,-5.5,-5.8,-7.7,-5.4,2.6,-2.6,0.4
2015,8,76,"San Diego St.","St. John's",64,9,12,0,"San Diego St.-St. John's",-7.5,-7.2,0.012,-2.7,-2.9,2.9,1.6,8.1,-5.7,0.5,-7.6,-2.3,-2.6,-2.5,-2,-5.8,-1
2015,1,64,"Kentucky","Cincinnati",51,8,13,0,"Kentucky-Cincinnati",13.8,-8.3,0.146,2,-4.5,-4.7,1.4,2.2,-0.5,6.8,5.6,1.6,-3.1,2,-4.8,3.2,14.4
2015,2,65,"Kansas","Wichita St.",78,7,-13,1,"Kansas-Wichita St.",-0.7,-0.9,0.003,-0.9,-1.2,4.2,-3.8,0.4,4.2,6.4,-2.8,-2.5,0.8,2.5,-3.8,4.6,4.8
2015,3,67,"Notre Dame","Butler",64,6,3,0,"Notre Dame-Butler",16.8,10,0.029,9.9,1.2,-2.5,-2.2,-6.8,6.9,-4.1,-9.3,11.9,0.3,3.4,1.9,0,5.1
2015,4,59,"Maryland","West Virginia",69,5,-10,1,"Maryland-West Virginia",-0.1,0.7,-0.011,5.1,-7.2,0.2,-10.8,-11.2,-0.6,4.1,-27.4,2.5,-7.7,6,-4.7,-4.1,2.8
2015,1,72,"Wisconsin","Oregon",65,8,7,0,"Wisconsin-Oregon",4.6,-4.1,0.072,-0.2,-1.9,-3.4,-3.6,-4.1,-4.5,-1.1,-20.7,0.3,-3.5,-1.3,1.7,-5.4,5.3
2015,1,72,"Wisconsin","Oregon",65,8,7,0,"Wisconsin-Oregon",14.8,-5.5,0.138,2.5,-0.3,-4.5,-0.9,1.9,-7.8,7.1,-13,4,-2.4,-0.4,4.3,-7.6,8.3
2015,1,72,"Wisconsin","Oregon",65,8,7,0,"Wisconsin-Oregon",0.1,-3.1,0.04,-0.9,-1.2,-3.2,-3.7,-5.1,-2.3,-2.1,-8.1,-1.9,-4.7,0.8,2.5,-0.4,7.4
2015,2,73,"Arizona","Ohio St.",58,10,15,0,"Arizona-Ohio St.",3.6,-6.2,0.06,-0.7,-1.3,-0.5,-1,1,-9.6,12.4,9.5,-0.3,-2.5,-1,1.3,0.4,6.5
2015,14,67,"Georgia St.","Xavier",75,6,-8,1,"Georgia St.-Xavier",-6.2,2.9,-0.125,-1.3,-4.2,-1.8,4.4,-1.3,7.5,-0.8,6.5,-0.3,-5.8,-2.9,-1.5,-2.3,-4.3
2015,4,87,"North Carolina","Arkansas",78,5,9,0,"North Carolina-Arkansas",6.4,-3.5,0.081,1.6,-2.9,1.3,-4.6,4.3,-3.4,-2.1,-1,2.1,-0.6,0.9,-5.2,0,2.6
2015,4,87,"North Carolina","Arkansas",78,5,9,0,"North Carolina-Arkansas",6.1,-8.3,0.128,0.3,0.3,-0.4,0.1,9.4,-9.2,-3.8,-7.5,1,-0.4,-1,0.7,1.8,4.5
2015,1,68,"Villanova","North Carolina St.",71,8,-3,1,"Villanova-North Carolina St.",7.8,-5.7,0.098,6,0,0.3,6.7,-1.4,1,6.5,-4.3,5.7,1.7,3.3,-2.5,0,10.2
2015,2,54,"Virginia","Michigan St.",60,7,-6,1,"Virginia-Michigan St.",-5,-5.8,0.013,-3.7,-1.6,-0.9,0.7,1,-1.7,8.3,-7.8,-3.1,-1.4,-2.3,-0.9,-5,1.3
2015,2,54,"Virginia","Michigan St.",60,7,-6,1,"Virginia-Michigan St.",-4.2,-8.5,0.032,-2.6,-2.6,-1.8,1.4,0.8,-2.8,2.2,-10.4,-1.1,-3.7,-3.3,-0.7,-5.5,7
2015,3,72,"Oklahoma","Dayton",66,11,6,0,"Oklahoma-Dayton",4.6,-6,0.129,-3.6,-3.2,-0.3,-1.4,8.2,3,-15.3,-2.2,-4.4,-4.3,-1.3,-0.8,3.7,3.7
2015,4,66,"Louisville","Northern Iowa",53,5,13,0,"Louisville-Northern Iowa",-6,-5.6,0.006,-8.2,-1.6,-0.6,2.1,7.7,3.9,-1.1,6.3,-4.9,-0.7,-9.1,-1.8,7.1,0.5
2015,1,68,"Duke","San Diego St.",49,8,19,0,"Duke-San Diego St.",22.1,3.1,0.107,10,3,-2.3,-2.5,0.1,0.5,3.6,-1.8,10,4,6.7,0.8,5.2,9.4
2015,2,87,"Gonzaga","Iowa",68,7,19,0,"Gonzaga-Iowa",6.2,1.1,0.029,9.8,-1.4,-1,-1.8,-1.7,-2.3,0.7,1.4,9.7,-1.7,6.7,0.4,0.6,5.7
2015,14,75,"UAB","UCLA",92,11,-17,1,"UAB-UCLA",-9.1,3.5,-0.27,-2,-0.9,2.5,1.8,0.4,4.5,0,1.3,-0.8,2,-3.6,-3.7,-1.5,-7.5
2015,4,64,"Georgetown","Utah",75,5,-11,1,"Georgetown-Utah",-2.3,4.8,-0.057,-3.9,4.1,1,1.9,3,2.6,0.5,9.8,-1.8,1.7,-4.8,5,3.2,0
2015,1,78,"Kentucky","West Virginia",39,5,39,0,"Kentucky-West Virginia",10,-9.3,0.111,5.4,-13.1,-2.4,-6.7,-0.6,0.7,3.5,-23.8,5.7,-12.7,3.3,-9.4,-5.1,9
2015,7,70,"Wichita St.","Notre Dame",81,3,-11,1,"Wichita St.-Notre Dame",-11,-7.1,-0.012,-8,-2.1,0.5,4,6.6,-4.8,-0.5,12.5,-9.3,-4.8,-3.6,2.7,-1.3,-4.4
2015,1,79,"Wisconsin","North Carolina",72,4,7,0,"Wisconsin-North Carolina",9.5,1.1,0.025,3.2,2.3,-5.8,-1.9,-7.9,-7.5,1,-15.4,3.9,-0.9,0.7,7.5,-10.6,4.8
2015,1,79,"Wisconsin","North Carolina",72,4,7,0,"Wisconsin-North Carolina",2.5,-1.2,0.039,0.9,-0.8,-7,-1.5,-17.5,-1.2,-8,1.4,-2.6,0.3,4.3,-1.4,-6.8,-0.1
2015,2,68,"Arizona","Xavier",60,6,8,0,"Arizona-Xavier",1.8,-8.2,0.065,0.2,-4.9,-1.6,1.8,3.2,-4.9,8.6,4,-0.4,-6.2,0.9,-1.1,1.2,7.7
2015,2,68,"Arizona","Xavier",60,6,8,0,"Arizona-Xavier",2,-2.3,0.044,1.8,-3.9,-1.8,-0.1,-1.3,0.5,-0.6,-4.8,-0.5,-4.1,4.5,-2.4,-1.3,6.3
2015,8,65,"North Carolina St.","Louisville",75,4,-10,1,"North Carolina St.-Louisville",4.7,9.4,-0.061,1.6,1.5,-1.2,-6.4,-0.8,-0.6,-3.4,1.4,-1.1,0.3,4.9,2.7,-0.9,-4.7
2015,7,62,"Michigan St.","Oklahoma",58,3,4,0,"Michigan St.-Oklahoma",4.7,4.1,-0.002,3.9,0.8,-0.1,-3.2,2,-4.4,-0.1,10.6,2.6,1.6,4.2,-0.2,-3.6,-1.5
2015,1,63,"Duke","Utah",57,5,6,0,"Duke-Utah",10.3,1.9,0.025,1.4,3.5,-1.9,0.3,4.5,1.8,-3.6,-10.4,3.6,4.9,-1.4,0.2,5,7
2015,2,74,"Gonzaga","UCLA",62,11,12,0,"Gonzaga-UCLA",8.4,-3.5,0.107,8.3,-4.3,-1.5,-0.8,0.1,-0.6,3,-1.8,9.6,-3.4,3.2,-2.6,-1.6,7.8
2015,2,74,"Gonzaga","UCLA",62,11,12,0,"Gonzaga-UCLA",13.1,-7.7,0.144,9,-3.2,-0.5,2.7,0,-1,4.1,-2.1,13.4,-2.6,-0.2,-2.6,9.9,7.5
2015,1,68,"Kentucky","Notre Dame",66,3,2,0,"Kentucky-Notre Dame",-5,-14.6,0.044,-6.8,-8.3,1.8,4,11.6,-0.4,7.2,7.6,-7,-8.3,-4.1,-5.5,-0.4,4.5
2015,1,85,"Wisconsin","Arizona",78,2,7,0,"Wisconsin-Arizona",11.6,6.7,0.006,1.3,2.6,-4.1,-4.8,-2.4,1.3,-10.9,-14.9,1.5,2,0.5,4,-7.4,2.3
2015,4,70,"Louisville","Michigan St.",76,7,-6,1,"Louisville-Michigan St.",-6.9,-5.2,-0.004,-5.5,-0.9,-0.3,4.8,1.2,3.8,6,-5.7,-2.4,-0.5,-7.8,-1.2,1.7,2.8
2015,1,66,"Duke","Gonzaga",52,2,14,0,"Duke-Gonzaga",5,-2.5,0.027,-1.3,2.3,0.2,1.5,1.9,2.2,1.1,-6.6,-1.1,4.3,-1.3,-1.6,1.2,2.9
2015,1,64,"Kentucky","Wisconsin",71,1,-7,1,"Kentucky-Wisconsin",-8.8,-9.6,0.008,-3.3,-8.1,3.9,5.5,7.4,8.1,7.7,9.3,-3.6,-5.6,-1.6,-10.4,4.2,1.8
2015,7,61,"Michigan St.","Duke",81,1,-20,1,"Michigan St.-Duke",-8.9,2,-0.044,-3.4,-1.6,1.2,-2.1,-2.3,-3.2,-7.1,15.1,-5.1,-2.5,-0.2,0.1,-2.5,-7.7
2015,1,63,"Wisconsin","Duke",68,1,-5,1,"Wisconsin-Duke",3.9,3,-0.001,-1.8,1.2,-3.9,-2.8,-3.7,-6.5,-3.6,-1.5,-1.1,-1.6,-2.2,6.1,-7.1,0.6
2016,1,105,"Kansas","Austin Peay",79,16,26,0,"Kansas-Austin Peay",17.5,-18.7,0.616,4.4,-8.7,-2.4,-0.1,0.3,-2.1,-8.4,6,1.7,-9.9,6.6,-3.9,-0.4,22.9
2016,2,86,"Villanova","UNC Asheville",56,15,30,0,"Villanova-UNC Asheville",21.9,-8.5,0.422,6.5,-2.6,-2.3,-1.6,-3.4,0.1,-7.7,-3,7.2,-8,4.1,4.3,-4.3,15.2
2016,3,79,"Miami FL","Buffalo",72,14,7,0,"Miami FL-Buffalo",14.3,-5.9,0.346,4.6,-1.5,-2.3,-0.3,-1.7,0.8,-0.9,-8.7,4.2,-1.9,3.8,0.1,-5.9,12.7
2016,4,66,"California","Hawaii",77,13,-11,1,"California-Hawaii",5.5,-2.2,0.106,0.3,-0.6,-0.4,-5.7,2,-1.1,-3.7,-2.7,-3,-3.3,4.1,4.7,-2.6,1.4
2016,5,79,"Maryland","South Dakota St.",74,12,5,0,"Maryland-South Dakota St.",4.4,-4.8,0.147,3.9,-1.5,1.8,-0.8,-3.3,4.4,-3.2,-13.2,6.1,-1.6,0.1,-1.2,-1.3,5.2
2016,6,55,"Arizona","Wichita St.",65,11,-10,1,"Arizona-Wichita St.",5.8,7.9,-0.03,4.7,1.5,3.5,-7.2,3.3,1.3,6.4,-16.1,3,3.6,5.8,-1.1,2.3,3.2
2016,7,72,"Iowa","Temple",70,10,2,0,"Iowa-Temple",8.1,-1.6,0.153,4.3,1.6,1,2.6,2.8,1.6,6.4,-3.7,3.8,2.4,3.7,0.1,3.3,2.1
2016,8,67,"Colorado","Connecticut",74,9,-7,1,"Colorado-Connecticut",-2.7,1.8,-0.066,-3.1,2.3,2.5,-2.8,6.2,-4.3,10.9,0.3,-6,2.3,2.1,2.7,3,-0.5
2016,1,91,"Oregon","Holy Cross",52,16,39,0,"Oregon-Holy Cross",21.7,-10.7,0.676,4.4,-4.3,-0.7,0.6,11,0.9,4.2,-1.4,5.4,-6.7,1.8,0.5,4.4,21.2
2016,2,82,"Oklahoma","Cal St. Bakersfield",68,15,14,0,"Oklahoma-Cal St. Bakersfield",14.8,-1.6,0.222,5,2,0.1,-3.8,-2.9,0.8,-5,-13.8,-0.3,2.5,7.9,0.3,2.4,11.5
2016,3,92,"Texas A&M","Green Bay",65,14,27,0,"Texas A&M-Green Bay",6.1,-12,0.34,1.4,-4.1,1.6,-0.4,3.9,-2.8,-4.1,-3.5,2.8,-4.4,-0.9,-3,-8.9,9.7
2016,4,93,"Duke","UNC Wilmington",85,13,8,0,"Duke-UNC Wilmington",11.7,-2,0.194,2.5,2,-1.6,-2.5,1.1,4.6,5,-29.9,0,2.8,4.1,0.1,-2.6,4.9
2016,5,75,"Baylor","Yale",79,12,-4,1,"Baylor-Yale",10.2,3.6,0.072,-0.6,4.5,-1.3,2,0.7,4.5,-3.1,5.3,-1.6,3.6,1.4,4.2,0.6,3.6
2016,6,72,"Texas","Northern Iowa",75,11,-3,1,"Texas-Northern Iowa",2.5,-1.1,0.052,-3.8,-1,0.2,0,13,4.6,5.4,13.6,-2.8,-3.1,-3.1,2.1,2.6,5.3
2016,7,67,"Oregon St.","VCU",75,10,-8,1,"Oregon St.-VCU",-2.2,3.9,-0.093,-1.2,0.3,0.3,-1.9,-4.2,4.5,4.6,2.5,-3.2,1.4,2.2,-1.3,-2.3,0.4
2016,8,78,"Saint Joseph's","Cincinnati",76,9,2,0,"Saint Joseph's-Cincinnati",4.2,4.1,-0.006,1.9,2.5,-2,-4.2,-8.4,-4.8,4.2,-2,4.6,7.9,-2.1,-4.6,4.9,3.1
2016,1,83,"North Carolina","Florida Gulf Coast",67,16,16,0,"North Carolina-Florida Gulf Coast",20.4,-7.5,0.44,1.1,0.4,-1.8,2.3,9,2.5,-5,-4.9,2.4,-3.7,-1.5,5,3.7,17
2016,2,71,"Xavier","Weber St.",53,15,18,0,"Xavier-Weber St.",15.3,-5.2,0.363,-3.1,0.4,-2.2,3.7,9.3,0.4,-4,5.5,-5.5,3.4,0.8,-4.5,4.7,11.4
2016,3,56,"West Virginia","Stephen F. Austin",70,14,-14,1,"West Virginia-Stephen F. Austin",4.5,-6.1,0.116,-5,-1.1,2.3,-0.9,8.5,-3.6,11.9,15.1,-4.2,-2,-4.4,0.3,2.7,8.6
2016,4,85,"Kentucky","Stony Brook",57,13,28,0,"Kentucky-Stony Brook",18.6,-4.1,0.304,1.3,-3.1,-1.1,-0.4,2.7,5.9,5.6,13.2,2.2,-3.1,-0.6,-1.5,0.4,6.1
2016,5,99,"Indiana","Chattanooga",74,12,25,0,"Indiana-Chattanooga",15.7,-2.4,0.288,7,-0.7,1.6,-1.3,4.9,0.2,-7.7,-0.7,5.4,-1.5,6,0.6,2.2,2.8
2016,6,70,"Notre Dame","Michigan",63,11,7,0,"Notre Dame-Michigan",4.9,3.9,0.007,-0.5,-1.9,0.8,-3.1,7.9,5.7,5.1,-1,0.3,-4.6,-0.6,2.2,-0.8,1.5
2016,7,47,"Wisconsin","Pittsburgh",43,10,4,0,"Wisconsin-Pittsburgh",-5.1,-3.4,-0.015,-2.6,-1.9,-0.4,1.7,-3.8,0.2,1.9,1.2,-3.8,-3.6,-0.1,2,-2.2,-1.4
2016,8,69,"USC","Providence",70,9,-1,1,"USC-Providence",5,3.3,0.016,4.2,-2,0.5,-3.9,1.7,1.3,-2.2,0.3,1.4,-3.2,6.6,0.2,2.8,-3.2
2016,1,81,"Virginia","Hampton",45,16,36,0,"Virginia-Hampton",21.7,-16.5,0.698,8.1,-0.2,-3.6,2.1,-4.6,-2,-9.2,-2.3,5.3,-1.2,9.8,0.9,-10,14.9
2016,2,81,"Michigan St.","Middle Tennessee",90,15,-9,1,"Michigan St.-Middle Tennessee",18.6,-3.5,0.32,4.6,-6.1,0.5,-5.2,8.4,-1.4,-4.9,-8.3,3.6,-6.3,4.2,-3.7,-0.9,10.4
2016,3,80,"Utah","Fresno St.",69,14,11,0,"Utah-Fresno St.",9.5,-2.8,0.216,6.7,-0.8,3.1,-5.7,-0.8,-1.9,0.2,-23.4,8.5,-3.9,1.9,4.1,-2.9,6.5
2016,4,94,"Iowa St.","Iona",81,13,13,0,"Iowa St.-Iona",12.3,-3.5,0.234,3.3,1,-1.9,-2.4,-3,-0.9,-6.3,-11.4,4.2,3.5,1.7,-2.3,-0.3,7.2
2016,5,83,"Purdue","Arkansas Little Rock",85,12,-2,1,"Purdue-Arkansas Little Rock",9.6,-3.3,0.158,1.7,-1.6,2.1,-7.3,8.3,-6.1,3.9,-10.2,3.9,-2.8,-1.5,0.5,5.1,2.3
2016,6,52,"Seton Hall","Gonzaga",68,11,-16,1,"Seton Hall-Gonzaga",-6.6,-3.1,-0.022,-5.4,0.6,2.3,4.4,2.6,4.8,6,5.7,-5.5,-0.1,-3.1,1.4,2.2,3.2
2016,7,51,"Dayton","Syracuse",70,10,-19,1,"Dayton-Syracuse",-6.4,-1,-0.067,1.6,-0.4,0.5,-2.4,-4.8,-11.1,5.4,4.8,4.3,-4.4,-1.6,4.2,3,2.7
2016,8,61,"Texas Tech","Butler",71,9,-10,1,"Texas Tech-Butler",-5.1,0.3,-0.067,-2.6,-0.1,3.3,0.4,-0.9,4.8,2.9,-2.9,-0.7,-1.9,-4.7,1.8,-2,-0.7
2016,1,73,"Kansas","Connecticut",61,9,12,0,"Kansas-Connecticut",10.4,-3,0.093,4.2,0.6,1.5,0.3,3.6,-1.2,9,1.9,2.8,1.4,4.8,-0.1,3.2,10.4
2016,2,87,"Villanova","Iowa",68,7,19,0,"Villanova-Iowa",8.7,-4.9,0.085,4.8,-1.3,1.5,1.8,-3.7,-1.9,1.1,5,8.7,-4.6,-1.2,2.6,-3.1,6.9
2016,3,65,"Miami FL","Wichita St.",57,11,8,0,"Miami FL-Wichita St.",9.1,8.7,-0.012,5.3,3.6,1.8,-5.8,-1.6,5.9,3.3,-16.3,4,4.8,5.2,1.7,0.2,6.7
2016,13,60,"Hawaii","Maryland",73,5,-13,1,"Hawaii-Maryland",-8,-1.3,-0.089,-3.3,-1.6,-0.8,3.4,1.3,-3.5,8.4,13.2,-1.7,-0.7,-4,-2.1,3.5,-3.2
2016,1,69,"Oregon","Saint Joseph's",64,8,5,0,"Oregon-Saint Joseph's",4.2,-1.4,0.056,1.1,0.8,1.8,4.1,5.8,4.7,2.9,7,0.3,-3.1,1.7,5.1,-1.9,3.3
2016,2,85,"Oklahoma","VCU",81,10,4,0,"Oklahoma-VCU",6.1,-0.1,0.051,3.3,-2,2,-3.7,-2,2.8,0.8,-8.5,-1.9,-3.3,7,0,0.5,8.1
2016,3,92,"Texas A&M","Northern Iowa",88,11,4,0,"Texas A&M-Northern Iowa",3.3,-4.5,0.102,-2,-1.3,2.2,2.2,17.1,1.8,4,7.5,0,-3.3,-3.1,0.9,4.7,7.3
2016,4,71,"Duke","Yale",64,12,7,0,"Duke-Yale",12.1,3.3,0.091,1.5,2.8,-5.6,-0.4,-6.1,10.4,-1.1,-8,-0.4,3.4,2.5,1.3,1.9,4.3
2016,1,85,"North Carolina","Providence",66,9,19,0,"North Carolina-Providence",-1.5,-5.7,0.063,1.6,-1.9,-0.4,2.9,2.8,0.5,1,7.7,3.2,-2.1,-1.1,-1.1,5.9,3
2016,1,85,"North Carolina","Providence",66,9,19,0,"North Carolina-Providence",14.6,-0.5,0.134,4.6,-1.2,-0.7,-2.4,10.3,-0.3,-5,2.4,5.9,-5.2,0.6,3.9,2.4,5.2
2016,2,63,"Xavier","Wisconsin",66,7,-3,1,"Xavier-Wisconsin",8.2,0.8,0.072,2.9,-0.3,0.3,0.7,2.1,-1.7,3.7,0,3.2,3.8,1.4,-6.3,8.3,7.3
2016,14,75,"Stephen F. Austin","Notre Dame",76,6,-1,1,"Stephen F. Austin-Notre Dame",-8,-6.8,-0.003,0.8,0,2.4,11.1,0.8,-1.4,1.4,14.2,1.6,3.2,-0.5,-4.1,2.7,-3.5
2016,4,67,"Kentucky","Indiana",73,5,-6,1,"Kentucky-Indiana",1.9,-3.3,0.035,-5.2,-5.3,-3.4,-0.9,0.3,2.7,3.9,10.6,-3.2,-6.3,-5,-1.7,-1.3,1.8
2016,1,77,"Virginia","Butler",69,9,8,0,"Virginia-Butler",1.7,-7.6,0.07,2.2,-1.3,0.6,0.2,-2.3,-2.3,-7.2,-2.4,2.7,-2.8,1,0.9,-7.3,6.6
2016,15,50,"Middle Tennessee","Syracuse",75,10,-25,1,"Middle Tennessee-Syracuse",-8,5.9,-0.263,1.7,2.1,-1,-1,-4.8,-9.6,-0.5,14.4,0.6,-0.1,3.2,4,3,-2.9
2016,3,59,"Utah","Gonzaga",82,11,-23,1,"Utah-Gonzaga",-1.6,2.8,-0.043,-0.1,3.2,1.1,0.2,-2.9,1.8,3.5,-5.1,1.2,0.1,-1.5,6.8,-1.3,3.5
2016,4,78,"Iowa St.","Arkansas Little Rock",61,12,17,0,"Iowa St.-Arkansas Little Rock",13.8,1.9,0.143,5.2,3.9,0.1,-4.2,-0.5,0.6,-5.4,-13.4,7.8,3.8,0.5,2.6,8.5,1.5
2016,1,79,"Kansas","Maryland",63,5,16,0,"Kansas-Maryland",6,-5.9,0.082,0.5,-1.4,-1.1,2.1,3.1,-2,1.6,10.3,-3.1,-2.1,5.1,0.4,2.2,7.6
2016,2,92,"Villanova","Miami FL",69,3,23,0,"Villanova-Miami FL",3.7,-5.6,0.05,1.9,-1.6,-0.2,3.2,-1.9,-0.1,-6.6,0.9,4.2,-2.8,-1.3,-0.5,-0.3,2
2016,1,82,"Oregon","Duke",68,4,14,0,"Oregon-Duke",-2.8,-2.7,0.004,-1.4,-0.6,1.8,2.8,0.9,-4.2,-0.3,6.7,1.6,-2.8,-4.1,2.2,0.3,2.5
2016,2,77,"Oklahoma","Texas A&M",63,3,14,0,"Oklahoma-Texas A&M",5.2,1.9,0.02,3.1,-0.2,0.9,-3,-3.6,1.3,-5.1,-4,-3.1,-0.3,8.1,0.4,2.4,2.8
2016,1,101,"North Carolina","Indiana",86,5,15,0,"North Carolina-Indiana",2,-3.5,0.036,-6.1,-1.7,-4.2,-0.7,3.5,0.8,-1.6,0.2,-2.2,-4.4,-8.9,1.9,2.2,5.4
2016,7,56,"Wisconsin","Notre Dame",61,6,-5,1,"Wisconsin-Notre Dame",-9.5,-9.8,0.024,-5.5,-1.4,1.8,3.8,0.4,-4.4,5.1,7.6,-6.3,-1.7,-2.5,0.5,-1.4,-1.9
2016,1,84,"Virginia","Iowa St.",71,4,13,0,"Virginia-Iowa St.",-1.5,-7.6,0.044,-2.3,-1.4,-0.6,2,3.7,-4.9,6,8.5,-4.1,-3.2,1.6,1.2,-10.4,5
2016,10,63,"Syracuse","Gonzaga",60,11,3,0,"Syracuse-Gonzaga",-5.5,-0.9,-0.038,-5.2,2.5,1,5.3,1.4,9.3,1,-0.1,-7.1,3.7,-1.8,0.4,-2.7,-2.4
2016,1,59,"Kansas","Villanova",64,2,-5,1,"Kansas-Villanova",-2.2,-0.5,-0.004,-0.4,-1.6,1.5,-2.1,4,-1.5,4.5,7.3,-4.7,-0.7,5.1,-1.4,3.4,2.7
2016,1,68,"Oregon","Oklahoma",80,2,-12,1,"Oregon-Oklahoma",0.2,2.1,-0.016,-2,1.7,-2.2,2.5,2.9,0,7.3,3.7,4.4,0.8,-7.8,2.5,-1.8,-1.3
2016,1,88,"North Carolina","Notre Dame",74,6,14,0,"North Carolina-Notre Dame",5,-8.4,0.126,-1.4,-1.4,0.1,3.4,8,-2.1,-0.6,4.4,1,-1.9,-4.7,-0.7,6.2,6.3
2016,1,62,"Virginia","Syracuse",68,10,-6,1,"Virginia-Syracuse",8,-2.6,0.074,4.8,1.1,-3,-1.6,-3.6,-10.1,-3.3,5.4,5.4,-1.8,4.3,4,-3.6,8.9
2016,2,95,"Villanova","Oklahoma",51,2,44,0,"Villanova-Oklahoma",4.9,-3.2,0.038,1.8,-0.5,-2,2.9,-3,-1.1,1.1,1.7,9.2,-1.2,-6,0.2,-4.1,0.9
2016,1,83,"North Carolina","Syracuse",66,10,17,0,"North Carolina-Syracuse",11.4,1.3,0.067,2.6,0.8,-2.7,-2.2,7.2,-5.3,-3.1,2.4,6.7,-3.5,-3.3,5.5,6.2,8.9
2016,2,77,"Villanova","North Carolina",74,1,3,0,"Villanova-North Carolina",-0.2,-4,0.017,3.5,-1.4,0.9,2.4,-12.5,-0.6,1.8,-0.4,3.5,-0.5,3.5,-2.3,-5,0.3
2017,1,76,"Villanova","Mount St. Mary's",56,16,20,0,"Villanova-Mount St. Mary's",23.3,-9.3,0.546,6.5,-1.8,-2.1,-1.6,7.1,-7,2.6,-10.5,9.8,-0.4,1.1,-3,-2.7,19
2017,2,87,"Duke","Troy",65,15,22,0,"Duke-Troy",13.3,-11,0.384,3.2,-2.7,-1.5,-0.3,0.9,0,-0.8,-1.6,2.6,-0.6,2.8,-4.8,0.3,16.7
2017,3,91,"Baylor","New Mexico St.",73,14,18,0,"Baylor-New Mexico St.",7,-8.6,0.244,-0.2,-1.8,1.1,-2,4.2,0.9,-9.4,-5.1,-2,-4.1,1.8,1.9,-4,8.1
2017,4,80,"Florida","East Tennessee St.",65,13,15,0,"Florida-East Tennessee St.",9.3,-8.2,0.198,-4.2,-2.9,-3.9,-1,2,2.1,-2.6,-4.2,-4.7,0,-2.3,-4.9,-1.3,7.1
2017,5,76,"Virginia","UNC Wilmington",71,12,5,0,"Virginia-UNC Wilmington",-5.9,-18.1,0.16,-2.6,-7.1,1.7,0.6,-4.2,-4,-4.8,-5.8,-6,-9.1,2.4,-2.3,-11.2,3.5
2017,6,65,"SMU","USC",66,11,-1,1,"SMU-USC",6.7,-6.5,0.146,2.4,-4.1,1.2,0.4,6.2,-5,-0.8,0.6,0,-3.1,4.4,-4.7,-5.3,5.1
2017,7,93,"South Carolina","Marquette",73,10,20,0,"South Carolina-Marquette",-13.1,-12.8,0.02,-10.2,-6.7,1.1,6,6.9,2.4,9.2,8.8,-6.8,-5.2,-9.5,-6.2,-1.9,1.1
2017,8,84,"Wisconsin","Virginia Tech",74,9,10,0,"Wisconsin-Virginia Tech",-3.9,-10.5,0.085,-4.8,-3.5,-0.2,3,12.5,-4.6,-8,0.7,-3.5,-5.9,-4.4,1.3,-5.6,1.8
2017,1,66,"Gonzaga","South Dakota St.",46,16,20,0,"Gonzaga-South Dakota St.",9.6,-23.4,0.512,3.4,-12.7,-2.2,0.9,2.9,-2.7,-0.9,-0.2,3.6,-12.4,2.4,-7.9,3,17.5
2017,2,100,"Arizona","North Dakota",82,15,18,0,"Arizona-North Dakota",14.5,-7.1,0.404,0.3,-3,-1.7,-2.2,7.2,-1.8,4.4,-11.1,0.1,-1.6,0.3,-3.8,-5.4,13.2
2017,3,86,"Florida St.","Florida Gulf Coast",80,14,6,0,"Florida St.-Florida Gulf Coast",7.6,-8.2,0.284,-0.2,-1.4,-1.5,2.1,0,0.2,4.6,1.4,-1,-5.6,1,3.9,5.6,7.6
2017,4,86,"West Virginia","Bucknell",80,13,6,0,"West Virginia-Bucknell",7.1,-9.8,0.215,-4,0.8,-1.9,7.9,11.1,4,1.7,9.4,-4.5,0,-1.7,1.1,0.8,8.5
2017,5,60,"Notre Dame","Princeton",58,12,2,0,"Notre Dame-Princeton",11.7,1,0.122,0.4,0.4,-1.2,-1.5,3.2,6.1,4.2,-5.3,0.4,1.3,0.8,-0.7,4.1,6.3
2017,6,65,"Maryland","Xavier",76,11,-11,1,"Maryland-Xavier",-2.2,0,-0.026,0.5,-4.1,0.6,0.5,-4.1,6.8,-2.6,-0.8,-1,-6.9,1.8,0.8,0.2,2.1
2017,7,85,"Saint Mary's","VCU",77,10,8,0,"Saint Mary's-VCU",9.9,-2.1,0.135,6.8,-2.2,-0.3,-5.7,1.8,-5.6,-8.6,-14.3,5.4,-0.6,6.3,-3.8,-8.9,2.6
2017,8,68,"Northwestern","Vanderbilt",66,9,2,0,"Northwestern-Vanderbilt",-1.3,1.4,-0.033,-2.4,-2,-2.2,1.8,6,3.6,-4.3,5.4,0.7,-2.8,-3.4,-0.5,-0.1,1.9
2017,1,100,"Kansas","UC Davis",62,16,38,0,"Kansas-UC Davis",24.1,-6.3,0.544,7.7,-0.6,-2.7,-1,5,1.4,-4.8,-3.1,6.7,-3.2,5.9,3,1.1,18.5
2017,2,78,"Louisville","Jacksonville St.",63,15,15,0,"Louisville-Jacksonville St.",13.2,-12.7,0.442,-1.2,-3.7,-4.7,3,5.5,0,0.6,4.4,-0.3,-0.3,-1.7,-6.2,4.4,14.9
2017,3,93,"Oregon","Iona",77,14,16,0,"Oregon-Iona",8.5,-12.2,0.344,2.1,-3.6,0.6,1.3,5.4,-2.6,3.4,-7.1,5.2,-1.6,-1.7,-4.9,-3.3,11.8
2017,4,80,"Purdue","Vermont",70,13,10,0,"Purdue-Vermont",6.6,-5.1,0.143,0.4,-0.9,1.3,-3,1,-2.7,-1,-3.6,-2.8,-0.3,3.6,-1.7,4.6,4.9
2017,5,84,"Iowa St.","Nevada",73,12,11,0,"Iowa St.-Nevada",6.3,-4.5,0.124,2.5,0.7,-1.4,3.6,-4.7,5.3,-13.7,-2.6,2.6,-1.8,1.8,3.6,-1.4,4.8
2017,6,72,"Creighton","Rhode Island",84,11,-12,1,"Creighton-Rhode Island",3.4,1.1,0.021,6.8,4.9,0.7,-0.1,-8.6,-0.1,-11.3,-15.7,5.2,4.8,6.5,3.5,5,3.9
2017,7,92,"Michigan","Oklahoma St.",91,10,1,0,"Michigan-Oklahoma St.",-3.5,-4.7,0.014,3,-1.3,-4,-0.8,-13.6,-1.9,-7.3,-18.2,5.9,-2.4,-1.8,1.4,-8.9,0.5
2017,8,58,"Miami FL","Michigan St.",78,9,-20,1,"Miami FL-Michigan St.",-0.8,-1.8,0.014,-3,0.9,-1,2.4,4.2,0.9,0.8,-6,-3.1,2.5,-1.7,-1.6,-3.5,2.5
2017,1,103,"North Carolina","Texas Southern",64,16,39,0,"North Carolina-Texas Southern",20.4,-15,0.618,3.6,-1,-0.4,-0.6,9.6,-9.9,-10,-0.7,1,-3,5.9,1.4,2.8,12.8
2017,2,79,"Kentucky","Northern Kentucky",70,15,9,0,"Kentucky-Northern Kentucky",12.8,-12.8,0.415,0.5,-2.2,-3.1,2.2,2.3,1.3,4.4,3,1.3,-1.9,-0.4,-1.8,4.4,13.9
2017,3,97,"UCLA","Kent St.",80,14,17,0,"UCLA-Kent St.",18.7,-3.3,0.385,11.6,-1.4,-2.8,-3.2,-9,-1.2,-5.7,-8.9,10.6,-3.2,8.9,1.2,5.1,13.8
2017,4,76,"Butler","Winthrop",64,13,12,0,"Butler-Winthrop",12.4,-4.4,0.293,1.1,4.1,-2.8,1,0.9,-1.4,-1.1,2.5,3.6,5.4,-1.3,1.2,-5.1,7.3
2017,5,72,"Minnesota","Middle Tennessee",81,12,-9,1,"Minnesota-Middle Tennessee",-1.9,-3.7,0.033,-5.4,-2.8,0.5,-2.2,-0.4,6.4,9.6,-9,-6.1,-2.6,-2.6,-1.9,5.1,1.7
2017,6,75,"Cincinnati","Kansas St.",61,11,14,0,"Cincinnati-Kansas St.",3,-2.1,0.047,-0.7,-4.4,-3.8,-1.9,6,-2.9,-8.6,-4.3,0.3,-4.1,-1.7,-3.8,-1.8,3.9
2017,7,58,"Dayton","Wichita St.",64,10,-6,1,"Dayton-Wichita St.",-5.6,4.8,-0.107,-0.6,3.9,0.7,1.6,-8.6,3.2,3,0.1,0.3,5.2,-1.8,1.1,-0.4,-2.6
2017,8,77,"Arkansas","Seton Hall",71,9,6,0,"Arkansas-Seton Hall",6,4.2,0.016,1.5,-1.2,-2.9,1,-3.8,8.8,0.5,3,0.4,-1.3,2.7,-0.9,2.1,1.2
2017,1,62,"Villanova","Wisconsin",65,8,-3,1,"Villanova-Wisconsin",7.7,0.5,0.036,5.4,0.6,0.1,0.6,-5.7,1.9,2.1,-5.9,8.1,6,1,-6.5,1.2,6
2017,2,81,"Duke","South Carolina",88,7,-7,1,"Duke-South Carolina",13.4,6.6,0.035,7.5,1.9,-2.1,-7,-2.3,-1.8,-0.9,-13.3,7.6,3.5,4.5,-1.3,0.1,6.9
2017,3,82,"Baylor","USC",78,11,4,0,"Baylor-USC",3.1,-6.7,0.126,0.3,-4,4.9,-0.8,8.8,-2,-2.9,6.1,1.2,-2.2,-0.9,-4.6,-5,6.6
2017,4,65,"Florida","Virginia",39,5,26,0,"Florida-Virginia",4.8,2,0.01,-0.8,-0.3,1.3,0.3,3.8,5,14.2,0.2,0.6,0.6,-2.6,-1.2,9.9,1.4
2017,1,79,"Gonzaga","Northwestern",73,8,6,0,"Gonzaga-Northwestern",6.6,-8.9,0.116,6.9,-5,0.2,-0.8,-0.8,-4.4,8.5,-9.2,7.5,-4,4,-4.3,4.6,5.7
2017,2,69,"Arizona","Saint Mary's",60,7,9,0,"Arizona-Saint Mary's",-0.4,1.8,-0.018,-4.1,2.4,-0.9,2.1,0.1,4.1,12.7,2,-5.4,3,-0.4,1,5.9,4
2017,3,66,"Florida St.","Xavier",91,11,-25,1,"Florida St.-Xavier",-0.2,-2.7,0.03,1.8,-3.7,-2,2,-0.7,4.3,-2.7,3.9,2.4,-7.1,0.2,1.5,4.4,4.3
2017,4,83,"West Virginia","Notre Dame",71,5,12,0,"West Virginia-Notre Dame",-3.9,-7.1,0.029,-2.3,-0.3,3,8.9,10.6,1.1,10.3,15.8,-1.1,-1.7,-2.2,1.5,3.9,0.5
2017,1,90,"Kansas","Michigan St.",70,9,20,0,"Kansas-Michigan St.",9.9,-0.4,0.081,2.1,1.4,-2.9,2.7,4.9,2.4,2.5,-4.7,0.7,1.2,3.1,1,3.3,10.6
2017,2,69,"Louisville","Michigan",73,7,-4,1,"Louisville-Michigan",-5.6,-9.2,0.022,-4,-3.2,3.7,8.3,5.7,3.9,11.6,12.2,-2.6,-4.2,-4.6,-0.8,2.3,2.8
2017,2,69,"Louisville","Michigan",73,7,-4,1,"Louisville-Michigan",-5.7,-6.1,0.01,-5.6,-6.2,1.8,0.1,12,-1.5,3.9,11.6,-5.8,-5.2,-3,-6.2,5.4,3.1
2017,3,75,"Oregon","Rhode Island",72,11,3,0,"Oregon-Rhode Island",6.7,-0.3,0.06,4.7,1.4,0.7,-0.1,-0.4,-0.2,-4.8,-18.7,3.3,0.7,4.7,1.7,0.7,5.6
2017,4,80,"Purdue","Iowa St.",76,5,4,0,"Purdue-Iowa St.",-3.4,-3.1,0.003,0.7,-1.3,4.2,-2.9,5.1,-7.2,5.7,-2.7,0.9,-0.9,0.3,-1.4,0.8,-0.9
2017,1,72,"North Carolina","Arkansas",65,8,7,0,"North Carolina-Arkansas",6.4,-3.5,0.081,1.6,-2.9,1.3,-4.6,4.3,-3.4,-2.1,-1,2.1,-0.6,0.9,-5.2,0,2.6
2017,1,72,"North Carolina","Arkansas",65,8,7,0,"North Carolina-Arkansas",6.1,-8.3,0.128,0.3,0.3,-0.4,0.1,9.4,-9.2,-3.8,-7.5,1,-0.4,-1,0.7,1.8,4.5
2017,2,65,"Kentucky","Wichita St.",62,10,3,0,"Kentucky-Wichita St.",1.1,-0.9,0.011,-1.3,3.7,-0.5,-0.1,-0.7,3.5,0.5,-1.6,2.2,6.3,-4.9,-0.6,3.7,4.9
2017,3,79,"UCLA","Cincinnati",67,6,12,0,"UCLA-Cincinnati",7.6,7.5,-0.012,7.8,3.5,-0.2,-4.4,-6.4,-0.8,-5.7,-3.7,7,3.9,6.1,2.1,9.2,1
2017,4,74,"Butler","Middle Tennessee",65,12,9,0,"Butler-Middle Tennessee",6.5,0.3,0.07,0.5,2.9,-0.6,-0.2,-2.9,3.2,7.1,-1.2,0.9,4.2,-0.3,0.5,1.4,3.5
2017,8,83,"Wisconsin","Florida",84,4,-1,1,"Wisconsin-Florida",-2.1,3.1,-0.032,0.5,1.7,0.1,-1.5,3.8,-3.6,-7.3,-6,0.8,-2.6,0,7.1,-5.8,-1.3
2017,7,70,"South Carolina","Baylor",50,3,20,0,"South Carolina-Baylor",-7.7,-4.9,-0.014,-5.2,-0.6,-2.2,7.2,-5.8,2.2,6.3,14.4,-6.3,0.4,-1.9,-1.6,4.5,-6.2
2017,1,61,"Gonzaga","West Virginia",58,4,3,0,"Gonzaga-West Virginia",2.4,-3,0.023,5.3,-7.7,-0.8,-10.5,-7.9,-5.7,0.1,-15.6,6.5,-6.5,2,-6.3,-0.7,1.3
2017,2,71,"Arizona","Xavier",73,11,-2,1,"Arizona-Xavier",1.8,-8.2,0.065,0.2,-4.9,-1.6,1.8,3.2,-4.9,8.6,4,-0.4,-6.2,0.9,-1.1,1.2,7.7
2017,2,71,"Arizona","Xavier",73,11,-2,1,"Arizona-Xavier",2,-2.3,0.044,1.8,-3.9,-1.8,-0.1,-1.3,0.5,-0.6,-4.8,-0.5,-4.1,4.5,-2.4,-1.3,6.3
2017,1,98,"Kansas","Purdue",66,4,32,0,"Kansas-Purdue",4.9,1.4,0.018,0.4,0.4,-0.7,2,3.3,5.3,2.7,7.1,0.9,-1.3,0.1,2.4,1,5.4
2017,7,68,"Michigan","Oregon",69,3,-1,1,"Michigan-Oregon",5.5,3.8,0.004,1.5,5.5,-2.9,0.2,-7.7,0.5,-4.3,0.9,1.8,3.9,0.5,6.6,-4.4,-2.2
2017,1,92,"North Carolina","Butler",80,4,12,0,"North Carolina-Butler",3.3,-5.4,0.058,-2.9,-2.7,1.2,-1,14.1,-2,-2.8,-5.4,-3.5,-5,-1.1,0.6,5.6,2.9
2017,2,86,"Kentucky","UCLA",75,3,11,0,"Kentucky-UCLA",-4.5,-8.3,0.034,-6.9,-1.2,0.6,3.4,4.4,-0.9,14.1,8.1,-6.2,3,-5.3,-5.9,-0.9,2.4
2017,4,70,"Florida","South Carolina",77,7,-7,1,"Florida-South Carolina",7.9,-0.1,0.049,4.3,0.3,-1.5,-3.3,-1.9,-2.1,0,-10.5,4.4,0.3,2.5,-0.1,0.6,4.7
2017,1,83,"Gonzaga","Xavier",59,11,24,0,"Gonzaga-Xavier",2.2,-11.6,0.102,4.7,-10.5,-2.2,-0.4,-4.5,0.7,-2.1,-6.5,4.3,-12.5,3.7,-4.4,3.1,6.1
2017,1,60,"Kansas","Oregon",74,3,-14,1,"Kansas-Oregon",3.7,0.7,0.015,0.6,1.7,0.5,-0.7,1.7,0.2,1.6,3.7,-0.9,-0.8,2.4,4.4,3,5
2017,1,75,"North Carolina","Kentucky",73,2,2,0,"North Carolina-Kentucky",2.7,0.2,0.01,-1.2,0.6,0.5,-0.6,7.8,-2.7,-6.6,-1.9,-1.9,-2,0.2,3.3,-0.9,-0.6
2017,7,73,"South Carolina","Gonzaga",77,1,-4,1,"South Carolina-Gonzaga",-9.1,2.7,-0.064,-9.3,4.4,2.2,7.2,4,5.4,1.2,17.6,-10.4,5.4,-4.8,1.6,-1.9,-6
2017,3,76,"Oregon","North Carolina",77,1,-1,1,"Oregon-North Carolina",-3.2,2.3,-0.029,3.8,-1.7,0.9,0.7,-8.9,4.5,0.1,-5.3,3.5,-0.2,2.5,-2.7,-4.4,-2.4
2017,1,65,"Gonzaga","North Carolina",71,1,-6,1,"Gonzaga-North Carolina",-3.2,-5.2,0.011,4.9,-7,0,-1.5,-11.3,1.2,4.7,-4.7,5.3,-6.3,2.7,-4.9,-1.3,-0.7
2018,1,54,"Virginia","UMBC",74,16,-20,1,"Virginia-UMBC",12.5,-15.5,0.465,0.5,-7.3,-3.2,0.2,1.1,-2.7,-5.7,-4.6,2,-8.2,0.1,-4,-8.8,16.2
2018,2,68,"Cincinnati","Georgia St.",53,15,15,0,"Cincinnati-Georgia St.",2.8,-13.8,0.252,-2.7,-3.8,0.3,1,12.9,-5.2,5.1,-11.8,-0.7,-2.6,-3.4,-2.9,-1.5,11
2018,3,73,"Tennessee","Wright St.",47,14,26,0,"Tennessee-Wright St.",14.8,-5.2,0.359,2.2,-1.6,-0.7,-0.6,4.7,5.8,0.2,7.7,-0.4,0.3,4.5,-2.9,-2.2,9.9
2018,4,68,"Arizona","Buffalo",89,13,-21,1,"Arizona-Buffalo",2.5,-2.3,0.077,1.5,1.1,1,-1.4,1.3,-4,7,-8.3,2.4,-0.7,-0.2,2.7,-5.5,5.1
2018,5,78,"Kentucky","Davidson",73,12,5,0,"Kentucky-Davidson",-1.2,-6.7,0.077,-5.6,-4.4,4.1,0.6,13.1,7.6,19.4,2.7,-5.3,-2.3,-3.2,-4.9,4.5,7.2
2018,6,62,"Miami FL","Loyola Chicago",64,11,-2,1,"Miami FL-Loyola Chicago",2.8,1.2,0.018,-4.6,1.6,-2.3,-0.6,7,2.3,-3.1,2.9,-4.4,1.7,-3.4,0.8,1.8,0.7
2018,7,87,"Nevada","Texas",83,10,4,0,"Nevada-Texas",9.6,8.8,-0.009,4.8,1.1,-3.5,0,-2.7,0.2,3.3,3.9,0.9,3.2,7.2,-1.5,4.1,1.1
2018,8,59,"Creighton","Kansas St.",69,9,-10,1,"Creighton-Kansas St.",6.6,3.7,0.025,4.8,1,-1.6,-5.8,-3.4,-7.3,-7.3,-12,5.3,1.1,3.1,0.6,5.8,-0.5
2018,1,102,"Xavier","Texas Southern",83,16,19,0,"Xavier-Texas Southern",16.8,-14.7,0.628,5.4,-1.3,0,-0.5,1.7,-9.4,-1.9,-5.6,7.4,0.4,1.3,-3.2,-0.9,19.7
2018,2,84,"North Carolina","Lipscomb",66,15,18,0,"North Carolina-Lipscomb",17.5,-4.7,0.387,0.5,-1.9,-3.3,-3.6,10,1.2,-12.6,-12.4,-2.2,-7.5,3.2,4.2,-3.3,10.3
2018,3,61,"Michigan","Montana",47,14,14,0,"Michigan-Montana",7.7,-8,0.219,2.7,-0.7,-3.4,-1.7,-8,-1.2,-7.6,-11.4,3.3,0.5,1.5,-2,-3.2,8
2018,3,61,"Michigan","Montana",47,14,14,0,"Michigan-Montana",8.4,-17.6,0.385,-4.5,-6,-3.4,-1.2,-2.7,-0.1,-4.1,-13.2,-3.8,-5,-3.6,-5.3,-2.1,12.4
2018,4,68,"Gonzaga","UNC Greensboro",64,13,4,0,"Gonzaga-UNC Greensboro",13.8,-0.3,0.198,5.3,-0.4,-3.7,-4,-0.7,-0.8,6.1,-10.1,7.1,-3.2,1.8,3.1,4.3,6.5
2018,5,81,"Ohio St.","South Dakota St.",73,12,8,0,"Ohio St.-South Dakota St.",2.8,-6.1,0.116,-0.2,-1.3,3.1,3.7,5.6,1.9,-4.3,3.9,4,-3.7,-4,1.5,-3.3,3.9
2018,6,67,"Houston","San Diego St.",65,11,2,0,"Houston-San Diego St.",4.6,-1,0.061,1.6,-3.1,0.5,0.1,2.2,0.8,-2.5,12,-1.5,-4,4.6,-0.9,-0.6,3.9
2018,7,73,"Texas A&M","Providence",69,10,4,0,"Texas A&M-Providence",2.8,-1.2,0.061,1.8,-3.4,1.8,-3.7,5,-1.7,-6.6,-4.2,3,-5.8,-0.3,0.4,2,0
2018,8,54,"Missouri","Florida St.",67,9,-13,1,"Missouri-Florida St.",-2.2,-0.4,-0.021,0.9,-1.7,3,-3.4,-2,-1.9,1.3,-2.1,-3.3,0,4,-2.8,-5.7,-0.5
2018,1,87,"Villanova","Radford",61,16,26,0,"Villanova-Radford",27.1,-8.7,0.517,10.2,-1.6,-3.7,-2,-2.4,-0.9,-1.8,-5,11.9,0.1,5.1,-2.9,5.4,17.1
2018,2,74,"Purdue","Cal St. Fullerton",48,15,26,0,"Purdue-Cal St. Fullerton",21.6,-6.8,0.472,6.1,-1.2,-4.9,-0.5,2,-0.9,-10,-11,2.1,0.5,8.2,-3.2,-2,13.1
2018,3,70,"Texas Tech","Stephen F. Austin",60,14,10,0,"Texas Tech-Stephen F. Austin",8.9,-5.6,0.234,-1.1,-3.3,-2.9,-4.2,0.9,0.2,-1.2,-12.3,-0.6,-2.3,-1.5,-3.3,-4.5,6.5
2018,4,75,"Wichita St.","Marshall",81,13,-6,1,"Wichita St.-Marshall",12.1,0.2,0.204,0.4,-0.5,-0.7,-2.1,13,-9.7,1.7,4.3,-1.7,-2.7,2.2,1.3,-5.8,5.9
2018,5,85,"West Virginia","Murray St.",68,12,17,0,"West Virginia-Murray St.",10.3,-5,0.19,-4.6,2.7,-1.1,5.3,4.1,2.5,-6,13.6,-5.6,-2.2,-1.9,7.1,3.4,5
2018,6,77,"Florida","St. Bonaventure",62,11,15,0,"Florida-St. Bonaventure",5.6,-5.8,0.165,-0.8,-0.3,-2,-0.4,-0.6,1.4,-7.9,-6,-0.9,-3.1,-1.6,3.2,-1.9,0
2018,7,62,"Arkansas","Butler",79,10,-17,1,"Arkansas-Butler",0.6,5.1,-0.058,-0.2,-1.5,-0.6,-0.1,1.2,7.1,11.3,5.5,-3.1,-1.3,3.8,-1.6,2,1.1
2018,8,83,"Virginia Tech","Alabama",86,9,-3,1,"Virginia Tech-Alabama",7.3,3.3,0.05,5.8,2.6,-3.3,-0.1,-5.5,-1.5,-5.4,-7.1,3.8,2.3,6.2,1.9,0.3,2.4
2018,1,76,"Kansas","Penn",60,16,16,0,"Kansas-Penn",18.5,-1.2,0.274,4.6,2.1,0,1.2,5.6,8.6,-6.4,-7.2,2.3,0.6,5.3,3.3,-0.2,11.5
2018,2,89,"Duke","Iona",67,15,22,0,"Duke-Iona",13.5,-14.7,0.426,2,-6.1,1.5,-1.5,14.3,-0.8,4.4,-6.3,4.5,-6.3,-1.1,-3.8,-0.6,13.9
2018,3,82,"Michigan St.","Bucknell",78,14,4,0,"Michigan St.-Bucknell",10.9,-7,0.259,3,-5.1,2.2,-2.4,10,-0.9,-6.7,-3.8,0.2,-8.6,5.3,0.6,-4.9,11
2018,4,62,"Auburn","College of Charleston",58,13,4,0,"Auburn-College of Charleston",7.2,-7.4,0.299,-1.9,-0.2,1.3,2.9,6.6,0.1,3.2,6,-3.3,-1,-0.2,0.5,7.8,6.4
2018,5,79,"Clemson","New Mexico St.",68,12,11,0,"Clemson-New Mexico St.",5.7,-1.9,0.106,1.3,1.2,0,-1.6,-6.6,3.8,4.4,-5.8,-0.4,-1.8,2.6,4.1,-2.2,2.6
2018,6,52,"TCU","Syracuse",57,11,-5,1,"TCU-Syracuse",13.5,8.4,0.046,9.6,6.1,-1.3,-2.1,-0.5,-4.3,-6.4,-0.9,8.5,5,7.7,5.8,6,2.6
2018,7,83,"Rhode Island","Oklahoma",78,10,5,0,"Rhode Island-Oklahoma",-4.9,-2.2,-0.036,-2.4,-0.6,-2,5.8,2.6,-1.8,-3.1,15,-2.9,1.5,-0.7,-3,-7.1,0.5
2018,8,94,"Seton Hall","North Carolina St.",83,9,11,0,"Seton Hall-North Carolina St.",2.2,-3.1,0.069,-0.5,-1.3,1,-2.7,0.9,-3.6,1,-3.9,-0.1,-3.6,-0.7,2.2,-2.1,1.6
2018,16,43,"UMBC","Kansas St.",50,9,-7,1,"UMBC-Kansas St.",-7.5,8.5,-0.362,-0.4,2.5,0,-0.9,0,-3.6,-3.6,-6,-5.3,2.1,4.1,2,2.8,-7.4
2018,2,73,"Cincinnati","Nevada",75,7,-2,1,"Cincinnati-Nevada",-7.3,-14.8,0.096,-3.6,-6.1,3.5,3.6,11.8,-1.1,-0.3,-3.3,-1.9,-9.3,-3.9,-0.8,-4.5,3.4
2018,3,62,"Tennessee","Loyola Chicago",63,11,-1,1,"Tennessee-Loyola Chicago",3.7,-3.4,0.078,-6.9,-0.7,-1.2,1,11.3,5.2,3.3,12.4,-9.3,-1,-1.8,-0.2,0.7,4.4
2018,13,75,"Buffalo","Kentucky",95,5,-20,1,"Buffalo-Kentucky",-1.3,7.1,-0.124,3,2,-2.1,1.3,-3.8,-1.9,-14.1,7.2,3.1,0.4,1.4,3,3.8,-5.6
2018,1,70,"Xavier","Florida St.",75,9,-5,1,"Xavier-Florida St.",7.7,1.3,0.058,2.7,1.5,-0.6,-3.7,-2.1,-6.7,4,-6.8,2.3,4.4,2.2,-2.1,-0.8,7.9
2018,2,65,"North Carolina","Texas A&M",86,7,-21,1,"North Carolina-Texas A&M",9.5,2.4,0.06,0.6,3.2,-2.5,1,3.5,-1.8,-4,-1.6,-1.5,-0.4,3,5.4,2.3,5.2
2018,3,64,"Michigan","Houston",63,6,1,0,"Michigan-Houston",-0.4,-3.5,0.028,0.6,2.2,-3.5,0.4,-8.3,-0.9,-1.9,-11.6,4.2,3,-3.5,0.9,-3.5,4.5
2018,4,90,"Gonzaga","Ohio St.",84,5,6,0,"Gonzaga-Ohio St.",1.2,0.6,0.004,2.9,-1.6,-1,-0.5,2.8,-2.1,1,-0.4,3.5,-2,1.5,-0.1,2.3,0.4
2018,1,81,"Villanova","Alabama",58,9,23,0,"Villanova-Alabama",20.5,-1.2,0.165,7.6,0.7,-5.3,-0.5,0.2,-3.8,-12.5,-9.8,5.5,2.1,7.5,-1.1,-0.3,11.7
2018,2,76,"Purdue","Butler",73,10,3,0,"Purdue-Butler",7.1,0.4,0.042,3.7,-4.9,0.1,-1.8,0.4,3.4,9.5,-11.1,-0.2,-4,6.3,-4.1,-0.4,5.9
2018,3,69,"Texas Tech","Florida",66,6,3,0,"Texas Tech-Florida",-2.5,-2.4,0.004,1.2,-2.3,3.5,1.7,4.2,-1.8,6.7,5.6,3.5,-1.5,-1.1,-2.9,-0.9,3.3
2018,13,71,"Marshall","West Virginia",94,5,-23,1,"Marshall-West Virginia",-12.1,6.7,-0.272,4.3,0,0.7,-4.9,-14.6,2.2,1.8,-15.2,6.7,3.3,0.6,-3,4.7,-7.1
2018,1,83,"Kansas","Seton Hall",79,8,4,0,"Kansas-Seton Hall",4.3,-1.8,0.048,4.6,-1.2,-1.2,0.5,-4.9,2.8,-8.2,-5.2,3.6,-1.4,3.6,-0.5,-0.8,5.7
2018,2,87,"Duke","Rhode Island",62,7,25,0,"Duke-Rhode Island",12.6,-4.4,0.16,4.8,-4,2.2,-5.3,7.8,1.8,4.5,-18.3,5.6,-5.2,2,-1.2,1.3,5
2018,3,53,"Michigan St.","Syracuse",55,11,-2,1,"Michigan St.-Syracuse",12.9,2.2,0.1,10,-3.5,0.1,-4.9,2.3,-3.8,-4.6,-0.7,8.6,-6.7,8.4,1.9,4,8.4
2018,4,53,"Auburn","Clemson",84,5,-31,1,"Auburn-Clemson",1.5,3.8,-0.031,-2.1,2.5,-1,3.3,4.9,1.7,6.3,10.9,-2.9,3.8,-0.9,-0.1,6.6,0.4
2018,9,61,"Kansas St.","Kentucky",58,5,3,0,"Kansas St.-Kentucky",-6.2,-1.9,-0.042,0.8,2.3,-1.4,4.8,-9.8,0.9,-10.2,4.5,2.2,0.9,-1.6,2.9,-3.5,-1.8
2018,7,68,"Nevada","Loyola Chicago",69,11,-1,1,"Nevada-Loyola Chicago",8.4,7.1,0.002,-2.9,2,-5.6,-1.4,4.6,3.4,4.1,4.9,-4.5,3.6,-0.6,-0.3,4.3,0.5
2018,9,75,"Florida St.","Gonzaga",60,4,15,0,"Florida St.-Gonzaga",-4,1.5,-0.056,-3.8,1.3,1.7,2,-0.7,6.7,4.9,3.3,-4.6,1.3,-1.8,0.5,2,-4
2018,7,72,"Texas A&M","Michigan",99,3,-27,1,"Texas A&M-Michigan",-3.2,4.3,-0.074,-2.5,-0.8,5.2,-4.2,8.4,2.4,1.3,-2.4,-2.2,-1.1,-2.3,-0.6,4.4,-5
2018,1,90,"Villanova","West Virginia",78,5,12,0,"Villanova-West Virginia",7.5,-1.7,0.037,9.1,-1.4,-1.5,-5.1,-7.4,-3,-1.9,-17.4,10.2,3.6,4.8,-6.3,-1.6,6
2018,2,65,"Purdue","Texas Tech",78,3,-13,1,"Purdue-Texas Tech",10.5,4.2,0.031,5.7,0.6,-2,-4,-4.9,-0.7,-3.7,-13.8,3,0.4,6.1,0.9,1.1,2.9
2018,1,80,"Kansas","Clemson",76,5,4,0,"Kansas-Clemson",9.6,3.3,0.04,4.6,1.9,-0.8,0.8,2.2,4.9,-6.5,-2.6,4,4.7,3.5,-1.9,2.7,4.3
2018,2,69,"Duke","Syracuse",65,11,4,0,"Duke-Syracuse",16.3,0.8,0.125,9,0.2,-1.6,-2.2,4.1,-0.4,-5.9,-9.1,9.4,0.3,5.5,0.2,6.9,7
2018,9,62,"Kansas St.","Loyola Chicago",78,11,-16,1,"Kansas St.-Loyola Chicago",-0.9,-1.7,0.014,-5.1,1.7,-1.9,2.2,3.8,6,1.6,11.6,-3.2,1.8,-5.7,1,0.1,0.5
2018,9,54,"Florida St.","Michigan",58,3,-4,1,"Florida St.-Michigan",-1.2,6,-0.074,-0.7,0.7,3.8,-0.1,6.8,4.9,6.3,2.4,-1.1,-1.4,-0.2,2.3,6.6,-6
2018,1,71,"Villanova","Texas Tech",59,3,12,0,"Villanova-Texas Tech",15.7,2.6,0.055,7.5,2.1,-2.8,-3.5,-3.3,-1.6,-9.9,-11.3,7.9,3.9,4.2,-0.6,2,5.9
2018,1,85,"Kansas","Duke",81,2,4,0,"Kansas-Duke",-0.2,3.5,-0.021,1.6,2.7,-0.9,0.9,-9.4,1.2,-7.6,2.3,-0.4,3.2,2.9,1.3,-1,1.6
2018,11,57,"Loyola Chicago","Michigan",69,3,-12,1,"Loyola Chicago-Michigan",-3.9,5,-0.093,3.8,-0.3,5.1,-0.1,-3.4,1,1.5,-4.8,1.9,0.3,4.6,-1.2,0.5,-4.9
2018,1,95,"Villanova","Kansas",79,1,16,0,"Villanova-Kansas",6.3,-2.3,0.034,2,-0.6,-1.6,0,0.2,-4.1,2.4,2.1,3.4,0.4,0,-1.6,-0.3,2.4
2018,3,62,"Michigan","Villanova",79,1,-17,1,"Michigan-Villanova",-14,-3.7,-0.035,-5.6,-0.8,-1,1.3,-4.1,-2.2,1.3,3.3,-4.3,-2.2,-4.9,1.5,-3.7,-3.7
2019,1,85,"Duke","North Dakota St.",62,16,23,0,"Duke-North Dakota St.",12.3,-19.8,0.528,0.1,-8.6,1.8,5,14.9,3.6,1,-2.5,5.9,-7.6,-5.9,-7.1,7.1,19.8
2019,2,76,"Michigan St.","Bradley",65,15,11,0,"Michigan St.-Bradley",18.8,-9.5,0.443,5.5,-3.7,-0.3,-3.5,7.2,-0.3,-2.7,-8.1,7.8,-4.6,0.8,-1.2,2.1,18.6
2019,3,79,"LSU","Yale",74,14,5,0,"LSU-Yale",7.4,-5.9,0.205,-4.4,2.6,0.1,4.9,10.4,6.2,7,2,-3.1,1.6,-4.6,2.7,-1,8.2
2019,4,66,"Virginia Tech","Saint Louis",52,13,14,0,"Virginia Tech-Saint Louis",16.5,-2.3,0.276,8.9,2.1,-2,2.2,-6.4,2.1,-7.5,-7.2,5.7,2.3,9,1.3,-2.6,8.2
2019,5,76,"Mississippi St.","Liberty",80,12,-4,1,"Mississippi St.-Liberty",7.7,-2.8,0.155,-1.3,1.4,2,-1,9.5,3.2,6,-0.6,-3,0.1,0.9,2.4,5.5,5.1
2019,6,79,"Maryland","Belmont",77,11,2,0,"Maryland-Belmont",-3.3,-7.7,0.074,-6.2,-2.8,4.2,-1.9,8.8,-0.2,4.3,-0.8,-8.4,-2.5,-2.1,-2.5,-4.8,3
2019,7,76,"Louisville","Minnesota",86,10,-10,1,"Louisville-Minnesota",2.5,-3.2,0.074,2.7,-2.8,0.4,-0.8,-2.3,-2.5,-6.7,3.8,2.1,-2.7,2.5,-2,-0.2,-0.4
2019,8,58,"VCU","UCF",73,9,-15,1,"VCU-UCF",-8.1,-5.7,-0.014,-2.8,-1.9,2.4,5.4,1.5,1,-9.6,7.4,1.1,-0.7,-6,-2.8,3.3,-0.9
2019,1,87,"Gonzaga","Fairleigh Dickinson",49,16,38,0,"Gonzaga-Fairleigh Dickinson",18.9,-20.4,0.625,4.8,-7.8,-4.8,-1.2,2,-6.4,-0.4,-3.5,10.4,-7.9,-3.8,-4.9,4,16.3
2019,2,74,"Michigan","Montana",55,15,19,0,"Michigan-Montana",7.7,-8,0.219,2.7,-0.7,-3.4,-1.7,-8,-1.2,-7.6,-11.4,3.3,0.5,1.5,-2,-3.2,8
2019,2,74,"Michigan","Montana",55,15,19,0,"Michigan-Montana",8.4,-17.6,0.385,-4.5,-6,-3.4,-1.2,-2.7,-0.1,-4.1,-13.2,-3.8,-5,-3.6,-5.3,-2.1,12.4
2019,3,72,"Texas Tech","Northern Kentucky",57,14,15,0,"Texas Tech-Northern Kentucky",7.4,-16.1,0.298,-1.1,-6.1,-0.1,4.4,-3.2,2.7,-1.9,1.4,-2.2,-8,0.5,-2.3,-1.8,9.2
2019,4,76,"Florida St.","Vermont",69,13,7,0,"Florida St.-Vermont",4.7,-7.2,0.182,-2.1,-1.5,2.1,1.2,5.5,4.8,-0.1,8.2,-0.7,-1,-2.7,-1.6,3.3,8.6
2019,5,64,"Marquette","Murray St.",83,12,-19,1,"Marquette-Murray St.",1.3,-2.7,0.067,-1.3,-0.2,2.2,-2.8,-2.6,-4.6,1.6,8.5,-6.2,-3.2,3.9,3.5,0.3,1.5
2019,6,91,"Buffalo","Arizona St.",74,11,17,0,"Buffalo-Arizona St.",4.9,-2.3,0.107,2.8,-1.2,-2.7,1.3,0,0,-11.1,-6.7,4.9,2,0.1,-4.1,3,5.4
2019,7,61,"Nevada","Florida",70,10,-9,1,"Nevada-Florida",2.2,4.3,-0.033,3.9,-0.4,-3.3,-3.2,-3.4,-7.3,10.9,-5.6,5.4,-2.2,1.3,1.6,6.5,3.1
2019,8,69,"Syracuse","Baylor",78,9,-9,1,"Syracuse-Baylor",-4.1,-5,0.022,-1.6,-1,-1.2,4.5,-7.7,4,4.5,-2.2,-1.9,-0.6,-0.8,-1.6,0.7,-0.5
2019,1,71,"Virginia","Gardner Webb",56,16,15,0,"Virginia-Gardner Webb",17,-16.7,0.488,0.4,-5.8,-2.4,-0.7,8,-5.9,-9.2,-1.3,-1.1,-4.7,1.8,-4.8,-8,16.1
2019,2,77,"Tennessee","Colgate",70,15,7,0,"Tennessee-Colgate",13.7,-10.3,0.353,-0.6,-2.6,-3.5,0.2,1.4,3.1,4.9,6.7,1.9,-5.8,-2.8,1.5,0.9,14.3
2019,3,61,"Purdue","Old Dominion",48,14,13,0,"Purdue-Old Dominion",23.5,-0.3,0.32,6.4,3.4,-2,0.1,2.4,2.2,1,-0.7,7.4,3.7,2.5,1.8,1.1,7.9
2019,4,64,"Kansas St.","UC Irvine",70,13,-6,1,"Kansas St.-UC Irvine",0.8,-9.8,0.169,-1.9,4.1,-0.1,6.1,-5.4,-1.3,1.9,-2.3,-1.2,8.3,-2.5,-2.5,-1.7,5.8
2019,5,54,"Wisconsin","Oregon",72,12,-18,1,"Wisconsin-Oregon",4.6,-4.1,0.072,-0.2,-1.9,-3.4,-3.6,-4.1,-4.5,-1.1,-20.7,0.3,-3.5,-1.3,1.7,-5.4,5.3
2019,5,54,"Wisconsin","Oregon",72,12,-18,1,"Wisconsin-Oregon",14.8,-5.5,0.138,2.5,-0.3,-4.5,-0.9,1.9,-7.8,7.1,-13,4,-2.4,-0.4,4.3,-7.6,8.3
2019,5,54,"Wisconsin","Oregon",72,12,-18,1,"Wisconsin-Oregon",0.1,-3.1,0.04,-0.9,-1.2,-3.2,-3.7,-5.1,-2.3,-2.1,-8.1,-1.9,-4.7,0.8,2.5,-0.4,7.4
2019,6,61,"Villanova","Saint Mary's",57,11,4,0,"Villanova-Saint Mary's",1.5,2.6,-0.019,-0.6,1.5,0.7,1.7,-0.9,4.7,5.3,-0.9,1.4,0.5,-2.6,2.2,1,4.4
2019,7,72,"Cincinnati","Iowa",79,10,-7,1,"Cincinnati-Iowa",-3.8,-6.8,0.049,-3.7,-2.9,-1.2,2.5,7.6,-0.1,-4.7,1.7,-3.8,-8.4,-1.9,3.1,-5.9,2.6
2019,8,72,"Mississippi","Oklahoma",95,9,-23,1,"Mississippi-Oklahoma",2.8,4.8,-0.035,2.7,3.5,1.2,3.3,4.4,1.5,-0.4,10.4,3,2.4,1.2,4.1,-0.6,-1.6
2019,1,88,"North Carolina","Iona",73,16,15,0,"North Carolina-Iona",14.9,-17.4,0.554,-0.1,-3.4,-0.1,-0.2,10.2,-7.9,-6.6,-0.1,-1.1,-2.4,1.1,-3.1,4.1,20.4
2019,2,79,"Kentucky","Abilene Christian",44,15,35,0,"Kentucky-Abilene Christian",16.6,-10.9,0.45,1.1,-3.2,1.3,-5.4,9.8,-3,7.9,-11.5,3.4,-6.2,-2.3,1,-0.2,11.4
2019,3,84,"Houston","Georgia St.",55,14,29,0,"Houston-Georgia St.",9.3,-10.6,0.302,-1.6,-7.8,0.1,-2.8,11.4,-7.8,-3.8,6.4,0.1,-8.2,-2.6,-4.9,-4,9.1
2019,4,87,"Kansas","Northeastern",53,13,34,0,"Kansas-Northeastern",3.8,-10.1,0.238,-3.9,-4.3,2.2,1.5,7.4,3.3,-1.8,0,-3.2,-7,-3.2,-0.1,4,11.1
2019,5,78,"Auburn","New Mexico St.",77,12,1,0,"Auburn-New Mexico St.",9.5,-3,0.126,0.3,2.8,-1,5.5,-5.4,10.3,-3.7,3.9,-5,3.4,4.1,1.3,2.2,4.7
2019,6,59,"Iowa St.","Ohio St.",62,11,-3,1,"Iowa St.-Ohio St.",10.6,2.8,0.079,4.4,0.1,-2.4,0.6,0.7,4.2,-3.7,-8.2,5.3,-0.8,2.1,0.9,1.9,3.4
2019,7,84,"Wofford","Seton Hall",68,10,16,0,"Wofford-Seton Hall",8.5,0.2,0.114,7.6,0.3,-1.4,-0.7,2.3,-4,-6.7,-1,3.3,1.9,9,-1.4,-3.3,4.4
2019,8,61,"Utah St.","Washington",78,9,-17,1,"Utah St.-Washington",5.7,3.7,0.023,1.8,-1,-1.6,-6.9,2.9,-12.6,2,0.3,2.3,-3.8,0.7,1.9,2.3,-1.1
2019,1,77,"Duke","UCF",76,9,1,0,"Duke-UCF",6.2,-4.1,0.067,0.7,-0.4,-0.1,1.4,6.1,-0.1,-12.1,-5.2,6,0.5,-5.7,-1.4,7.2,9.2
2019,2,70,"Michigan St.","Minnesota",50,10,20,0,"Michigan St.-Minnesota",9.5,-5.3,0.131,7,-5.6,1.4,-2,2.5,-2,-8,-0.7,5.8,-6.8,6.1,-2.4,-0.2,8
2019,3,69,"LSU","Maryland",67,6,2,0,"LSU-Maryland",6.3,3.3,0.021,-0.2,4,-1.5,6,2.6,6,4.3,6.5,2.1,4.7,-3,1.8,3.5,3.1
2019,4,67,"Virginia Tech","Liberty",58,12,9,0,"Virginia Tech-Liberty",8.6,-6.2,0.193,-0.3,0.1,0.1,1.1,4.4,0.8,5.2,-6.4,-3.5,0.7,2.6,-0.6,1.6,5.6
2019,1,83,"Gonzaga","Baylor",71,9,12,0,"Gonzaga-Baylor",8.8,-9.3,0.134,7.8,-4.9,-4.8,0.4,-6.4,-2.6,3,-10.6,10.2,-4.1,2.2,-4.1,5.4,6.1
2019,2,64,"Michigan","Florida",49,10,15,0,"Michigan-Florida",5.8,8,-0.017,-0.6,4.7,-3.2,-3.8,-1.7,1,-2.6,-7.2,-0.9,5.8,0.1,1.6,2,2.1
2019,2,64,"Michigan","Florida",49,10,15,0,"Michigan-Florida",4.3,-6,0.072,1.8,-4,-4,-4.4,-5.9,-7.4,-2.4,-9.5,2.3,-4.2,0.8,-2.5,1.6,8.5
2019,3,78,"Texas Tech","Buffalo",58,6,20,0,"Texas Tech-Buffalo",1.6,-10.1,0.088,0.1,-4.3,1.7,2.5,-4.3,1.8,0.2,4.7,-2.9,-7.4,2.8,0.4,-7.4,1.5
2019,4,90,"Florida St.","Murray St.",62,12,28,0,"Florida St.-Murray St.",1.3,-7.7,0.129,-4.3,0.7,1.7,0.9,0.8,-3.7,2.3,8.3,-5.3,-3,-1.7,4.6,-0.2,6.4
2019,1,63,"Virginia","Oklahoma",51,9,12,0,"Virginia-Oklahoma",12.5,-3.2,0.096,4.8,-2.8,-2.3,0.2,4.6,-2.4,-2.2,3.2,2.8,-0.1,4.9,-4.4,-9.6,8.6
2019,2,83,"Tennessee","Iowa",77,10,6,0,"Tennessee-Iowa",6.7,-5.4,0.11,2.6,-3.4,-1.4,-0.4,1.8,0.8,-9,6.1,4,-8.8,0.3,3,-2.1,6.7
2019,3,87,"Purdue","Villanova",61,6,26,0,"Purdue-Villanova",8.2,-4.6,0.109,0.4,-1.4,-1.1,0.6,4.2,-0.7,-4.5,3.5,-2.2,-2.5,2.2,-0.1,1.9,2.5
2019,13,54,"UC Irvine","Oregon",73,12,-19,1,"UC Irvine-Oregon",-0.9,5.9,-0.123,-0.7,-2.3,-0.3,-4.2,4.1,-1.8,-0.7,-0.9,-1.5,-8.1,0.8,4.9,1.2,1.8
2019,1,81,"North Carolina","Washington",59,9,22,0,"North Carolina-Washington",14.5,-1.7,0.149,0.8,1.4,-2.6,-5.9,6.2,-12.1,-4.5,-5.6,0.2,1.9,1.2,0.1,8.7,6.9
2019,2,62,"Kentucky","Wofford",56,7,6,0,"Kentucky-Wofford",1.1,-7.3,0.068,-4.5,-3.3,2.5,-1.2,5,0.3,14.1,-5,-1,-7,-6,1.7,-0.2,4.8
2019,3,74,"Houston","Ohio St.",59,11,15,0,"Houston-Ohio St.",7.9,-3.3,0.111,1.8,-5.8,-2.2,0,6.8,0.1,-2.1,5.5,1.6,-4.9,1.4,-4.8,0.1,6.9
2019,4,75,"Kansas","Auburn",89,5,-14,1,"Kansas-Auburn",-8.4,-2.8,-0.033,-1.8,-3.9,2,-6.4,-1.5,-4.9,1.6,-8.6,0.9,-5.4,-3.1,-1.2,2.2,2.2
2019,1,75,"Duke","Virginia Tech",73,4,2,0,"Duke-Virginia Tech",1.1,-4.2,0.029,-2,-4,0.2,-2.2,6,2.3,1.3,-2.3,5.1,-4,-8.6,-2.8,8.5,6.2
2019,2,80,"Michigan St.","LSU",63,3,17,0,"Michigan St.-LSU",2,-5.6,0.052,4,-6,0.6,-5.2,-2.8,-4.4,-3.5,-5.6,1.4,-7.5,5.9,-2.1,-2.6,3.4
2019,1,72,"Gonzaga","Florida St.",58,4,14,0,"Gonzaga-Florida St.",11.7,-1,0.06,8.5,-3,-4,-1.3,-1.3,-0.2,-0.5,-9.8,10.5,-1.9,3.1,-3.1,2,-0.6
2019,2,44,"Michigan","Texas Tech",63,3,-19,1,"Michigan-Texas Tech",-0.6,0.4,-0.003,-1.9,1.1,-3.8,-4.8,-2.7,-3.9,-5.4,-12.5,-1,2.4,-2.3,-0.6,-1.6,2.2
2019,1,53,"Virginia","Oregon",49,12,4,0,"Virginia-Oregon",14.9,-1.8,0.105,3.2,-1.7,-3.1,-3.4,0.8,-3.4,-0.3,-7.6,0.9,-3.1,4.4,-0.1,-4.7,12.2
2019,2,94,"Tennessee","Purdue",99,3,-5,1,"Tennessee-Purdue",0,0.9,-0.005,1.7,-0.9,0,-0.6,-2.9,3.2,3.4,3.2,3.9,-2.5,-0.7,1.2,1.8,3.8
2019,1,80,"North Carolina","Auburn",97,5,-17,1,"North Carolina-Auburn",-1.2,-3.8,0.016,-1.5,-2.8,0.4,-6.3,3.7,-10,-0.7,-8,0.4,-3.5,-1.9,-1.3,6.7,3.9
2019,2,62,"Kentucky","Houston",58,3,4,0,"Kentucky-Houston",1.8,-0.7,0.013,0.9,4.1,2.1,-0.3,2.4,-0.5,10.3,-10.5,1.6,0.6,-0.1,6.4,-0.4,1
2019,1,67,"Duke","Michigan St.",68,2,-1,1,"Duke-Michigan St.",7,3.7,0.011,3.3,1,-5.2,1.2,-7.3,4.7,2.6,0.3,0.4,1.9,5.8,-1.1,3.4,0.8
2019,1,67,"Duke","Michigan St.",68,2,-1,1,"Duke-Michigan St.",-1,-1.8,0.005,-1.6,1.1,-1,4.5,1.7,3.1,-0.4,-3.5,3.7,3.1,-7,-1.7,5,0.5
2019,1,69,"Gonzaga","Texas Tech",75,3,-6,1,"Gonzaga-Texas Tech",8.2,4.7,0.005,5.5,1.2,-2.8,-3.8,4.1,-1.9,2.4,-10.7,8.6,1.5,-0.2,0.7,4.5,0
2019,1,80,"Virginia","Purdue",75,3,5,0,"Virginia-Purdue",0.2,-4.4,0.02,1.6,-4.3,-1.1,-1.1,-4.1,-1.6,-0.8,-5.4,1,-1.5,2.1,-5.3,-6.3,5
2019,5,77,"Auburn","Kentucky",71,2,6,0,"Auburn-Kentucky",3.8,5.4,-0.015,1.4,5.1,-1.8,6.7,-5.2,7.3,-11,9.6,-1.2,7.8,2.7,0.5,2.4,-2.7
2019,2,51,"Michigan St.","Texas Tech",61,3,-10,1,"Michigan St.-Texas Tech",4.7,5.8,-0.01,1.7,0.9,0.8,-7.9,6.5,-2.3,0.7,-9.1,1.5,0,1.3,1.9,1.1,3.7
2019,1,63,"Virginia","Auburn",62,5,1,0,"Virginia-Auburn",1.7,-5.3,0.032,0.8,-7,-2.1,-7.1,-1.2,-7.4,-1.8,-10.1,0.8,-5.7,1.4,-5.9,-8.6,5
2019,3,77,"Texas Tech","Virginia",85,1,-8,1,"Texas Tech-Virginia",-7.8,-4.7,-0.004,-1.7,-1.7,3,5.3,-3,3.3,3.8,10.3,0.3,-3.8,-3,0.8,6.8,-4.1
2021,1,86,"Baylor","Gonzaga",70,1,16,0,"Baylor-Gonzaga",-2.2,4.7,-0.024,-3.5,1.6,1.5,4.3,7.1,7.5,-9.7,5.8,-9.9,1.3,5.3,1.5,-5.8,-1.9
2021,1,78,"Baylor","Houston",59,2,19,0,"Baylor-Houston",2.6,3.6,-0.008,6.2,6.2,1.3,3,-1.9,2.9,-3.7,-10.7,4.2,5.1,6.3,5.5,3.8,2.6
2021,1,93,"Gonzaga","UCLA",90,11,3,0,"Gonzaga-UCLA",8.4,-3.5,0.107,8.3,-4.3,-1.5,-0.8,0.1,-0.6,3,-1.8,9.6,-3.4,3.2,-2.6,-1.6,7.8
2021,1,93,"Gonzaga","UCLA",90,11,3,0,"Gonzaga-UCLA",13.1,-7.7,0.144,9,-3.2,-0.5,2.7,0,-1,4.1,-2.1,13.4,-2.6,-0.2,-2.6,9.9,7.5
2021,16,60,"Texas Southern","Mount St. Mary's",52,16,8,0,"Texas Southern-Mount St. Mary's",1.6,2.9,-0.029,-0.4,1,1.3,2.9,1.2,1.1,9.2,9.2,3.3,-0.4,-6,2.3,9.6,2.7
2021,11,53,"Drake","Wichita St.",52,11,1,0,"Drake-Wichita St.",2.2,3.5,-0.031,6.9,1.3,-0.7,0.7,1.8,-8.5,-13,0,9.7,2.1,2.1,0,-0.8,0.2
2021,16,54,"Norfolk St.","Appalachian St.",53,16,1,0,"Norfolk St.-Appalachian St.",0.4,-0.3,0.019,2,-3,0.3,0.7,1,-1.9,5.6,18,-0.6,-3.2,4.8,-1.8,2.5,2.7
2021,11,86,"UCLA","Michigan St.",80,11,6,0,"UCLA-Michigan St.",6.5,4,0.03,4.1,2.9,-2.3,2.2,0,-1.7,1.2,-9.1,2.8,1.3,4.7,3.6,-4,-0.4
2021,7,75,"Florida","Virginia Tech",70,10,5,0,"Florida-Virginia Tech",1.3,-1.1,0.032,0,-0.9,3.4,2.9,2.3,7.2,0.6,3.9,0.2,0.8,0,-2.4,2.1,0.5
2021,3,85,"Arkansas","Colgate",68,14,17,0,"Arkansas-Colgate",-0.4,-8.8,0.136,-5.6,1.9,3.6,3.7,3.8,0.6,1.6,4.2,-3.5,-2.6,-6.3,6.5,1.2,4.3
2021,1,78,"Illinois","Drexel",49,16,29,0,"Illinois-Drexel",9.8,-14.6,0.377,1.3,-3,-1.4,-0.3,3.6,-2.1,10.7,3.3,1.8,-5,0.4,0.6,6.3,13.4
2021,6,65,"Texas Tech","Utah St.",53,11,12,0,"Texas Tech-Utah St.",7.1,2.2,0.049,-0.1,2.3,-3.5,4.1,-1.5,8.4,9.9,10.3,-0.9,1.9,1.1,2.1,-3.3,2
2021,15,75,"Oral Roberts","Ohio St.",72,2,3,0,"Oral Roberts-Ohio St.",-15.1,10.1,-0.436,0.5,1.5,0.4,3.2,-5.9,5.6,-9.8,-0.7,-2.4,1.6,2.3,1.5,4.5,-11.1
2021,1,79,"Baylor","Hartford",55,16,24,0,"Baylor-Hartford",25.9,-5.1,0.52,7.1,1.5,-1.4,4.2,12.7,2.3,-1.6,6.7,2.8,-2.6,9.1,5.3,1.9,11.5
2021,8,71,"Loyola Chicago","Georgia Tech",60,9,11,0,"Loyola Chicago-Georgia Tech",-4.5,-6.5,0.032,2.4,-5.5,2.6,-1.1,1.2,-8.7,1.7,-6.5,3.2,-5.2,0.8,-4.2,-3.8,-0.2
2021,12,70,"Oregon St.","Tennessee",56,5,14,0,"Oregon St.-Tennessee",-0.3,10.4,-0.178,-1.4,4.5,-1,-4.4,-1.6,0.8,-1.1,7.1,-2.9,7.7,0.8,-0.4,-1.8,-4
2021,4,69,"Oklahoma St.","Liberty",60,13,9,0,"Oklahoma St.-Liberty",0.2,-9.2,0.178,-5.3,-0.8,5.8,2,8.8,7.8,10.9,0.9,-4,-0.9,-5,-0.5,8.2,6.3
2021,9,85,"Wisconsin","North Carolina",62,8,23,0,"Wisconsin-North Carolina",9.5,1.1,0.025,3.2,2.3,-5.8,-1.9,-7.9,-7.5,1,-15.4,3.9,-0.9,0.7,7.5,-10.6,4.8
2021,9,85,"Wisconsin","North Carolina",62,8,23,0,"Wisconsin-North Carolina",2.5,-1.2,0.039,0.9,-0.8,-7,-1.5,-17.5,-1.2,-8,1.4,-2.6,0.3,4.3,-1.4,-6.8,-0.1
2021,2,87,"Houston","Cleveland St.",56,15,31,0,"Houston-Cleveland St.",20.7,-9.8,0.484,0.7,-6,-2.2,1.4,8.5,-3.8,-1.2,5.2,-2.2,-7.9,3.6,-2.3,-1.2,6.7
2021,13,78,"North Texas","Purdue",69,4,9,0,"North Texas-Purdue",-8,1.7,-0.142,2.6,-2.9,1.7,4.5,-4.3,2.8,-5,1.4,0.8,-4.9,3.8,0.1,-3.3,-6.3
2021,10,60,"Rutgers","Clemson",56,7,4,0,"Rutgers-Clemson",0.8,0,0.01,-0.2,-1,-3.1,-2.7,0.8,2.5,4.1,3.6,2.7,-0.1,-3.5,-1.6,3.4,-1
2021,11,78,"Syracuse","San Diego St.",62,6,16,0,"Syracuse-San Diego St.",1.7,7.6,-0.079,-2,1.8,-0.9,-1.7,0.2,9.1,-6.2,-7.6,0.4,4.7,-3.8,-1.2,3.4,-2.3
2021,3,84,"West Virginia","Morehead St.",67,14,17,0,"West Virginia-Morehead St.",16.6,-1.4,0.327,-3.2,3.2,-5.9,2.7,4.3,6.4,2.6,5.4,-5.4,3.7,1,1.6,4,5
2021,5,73,"Villanova","Winthrop",63,12,10,0,"Villanova-Winthrop",13.7,-0.2,0.21,-0.2,2.8,-6,-3.5,-7.7,2.6,-5.7,-8,-0.2,1.8,-0.1,3,-8.7,2.3
2021,5,96,"Colorado","Georgetown",73,12,23,0,"Colorado-Georgetown",5.2,0.3,0.053,2.4,-0.3,-4.9,3.6,-1.5,-1.7,-0.4,2.1,4.2,-0.9,0.1,0.7,-3.2,3.6
2021,4,64,"Florida St.","UNC Greensboro",54,13,10,0,"Florida St.-UNC Greensboro",15.5,-3.5,0.295,6.2,-1.6,4.5,-1.4,3,5.5,8.9,-0.1,1.8,-4.1,9,1.4,2.1,6
2021,3,93,"Kansas","Eastern Washington",84,14,9,0,"Kansas-Eastern Washington",0.8,-11.1,0.223,-4.3,-0.5,1.2,3.5,7,1.1,0.1,-1.2,-4.9,-1.7,-2.1,1,-4,7.8
2021,8,76,"LSU","St. Bonaventure",61,9,15,0,"LSU-St. Bonaventure",8.2,6.9,0,2.3,3,-0.8,-1.1,-2.1,4.4,6.1,0.8,3.7,6.2,-0.4,-0.6,5.7,0.3
2021,1,82,"Michigan","Texas Southern",66,16,16,0,"Michigan-Texas Southern",20.8,-12.4,0.621,6.6,-1.6,-5.1,-4.1,-3.5,-0.9,-10,-9.3,2.3,-2.9,11,1.1,-4.9,11.7
2021,5,63,"Creighton","UC Santa Barbara",62,12,1,0,"Creighton-UC Santa Barbara",6.5,-3.3,0.141,2.7,-0.8,-0.7,-3,-3.4,3.7,-8.6,-2.3,2.9,-0.5,1.9,-1.3,3.3,3.7
2021,2,68,"Alabama","Iona",55,15,13,0,"Alabama-Iona",9.9,-11.4,0.389,0.1,-0.3,-3.8,1.5,-1.9,3.7,-7.5,-14.4,0.2,0.6,-0.4,-1.3,5.4,10
2021,6,72,"USC","Drake",56,11,16,0,"USC-Drake",0.2,-9.6,0.154,-2.4,-3,2.9,-1.4,4.1,2.4,12.3,-4.9,-2.3,-7.5,-1.8,3.4,0.5,2.1
2021,2,86,"Iowa","Grand Canyon",74,15,12,0,"Iowa-Grand Canyon",20.8,-0.3,0.264,1.6,3.4,-7.1,-0.3,-1.7,6,-2.7,-7,-3.3,0.9,6.4,4.9,4.6,8.8
2021,10,63,"Maryland","Connecticut",54,7,9,0,"Maryland-Connecticut",-4.6,0.2,-0.045,3.1,2.3,-0.8,-2.7,-16,-5,3,-11.3,3.8,0.8,1.3,2.7,-0.3,-1.9
2021,13,62,"Ohio","Virginia",58,4,4,0,"Ohio-Virginia",-2.7,6.8,-0.136,-0.3,3.2,1.6,4.8,5.6,4.8,7.6,5.6,1.1,5.5,-1.5,-0.3,9.4,-5.4
2021,8,72,"Oklahoma","Missouri",68,9,4,0,"Oklahoma-Missouri",-0.3,-0.5,0.004,-0.1,0.4,-3.1,0.3,-1.3,-1.7,-8.4,-13.6,-1.8,-2,1.8,2.7,-1,-1.8
2021,1,98,"Gonzaga","Norfolk St.",55,16,43,0,"Gonzaga-Norfolk St.",26,-14.3,0.609,11.3,0.1,-1.7,-0.4,1.6,-5.3,-1.9,-16.1,17.9,-0.4,-0.9,0.8,6.7,13.5
2021,11,73,"UCLA","BYU",62,6,11,0,"UCLA-BYU",-0.5,4.2,-0.064,-3,4.1,-2.4,1.6,1.8,1.1,4.8,-1.4,-3.9,3.9,-0.6,2.7,-3.5,-2.3
2021,14,53,"Abilene Christian","Texas",52,3,1,0,"Abilene Christian-Texas",-12,1.2,-0.208,0,-1.3,-0.8,8.9,-0.7,1,0,5.8,-1.6,0.5,2,-3.2,0.9,-5.3
2021,8,71,"Loyola Chicago","Illinois",58,1,13,0,"Loyola Chicago-Illinois",-9.2,-2.1,-0.04,0.7,0.1,0.3,5.5,-7,-1.2,-8.5,-8.1,2.7,0.1,-1.9,-0.2,-6.8,-7.2
2021,1,76,"Baylor","Wisconsin",63,9,13,0,"Baylor-Wisconsin",11.9,4.1,0.038,8.1,1.2,4.1,6.8,13.8,5.8,0.1,3.2,7.8,1,5.8,1,3.8,4.4
2021,11,75,"Syracuse","West Virginia",72,3,3,0,"Syracuse-West Virginia",-3.1,2.3,-0.064,2,-1.7,-1,0.1,-5.5,2.2,-11.3,-3.4,4.5,-2,-2,-0.7,-0.2,-2.5
2021,3,68,"Arkansas","Texas Tech",66,6,2,0,"Arkansas-Texas Tech",-1.9,-1,-0.006,1.8,-0.3,1.2,-3.5,-2.1,-3.5,-6.6,-7.1,3.2,2.1,-0.8,-2.5,7.4,3.7
2021,2,63,"Houston","Rutgers",60,10,3,0,"Houston-Rutgers",13.9,-1,0.116,1.1,-4.8,-0.1,2.7,12,-1.1,3,9.2,-2,-4.4,4.4,-3.6,-2.8,2.1
2021,15,81,"Oral Roberts","Florida",78,7,3,0,"Oral Roberts-Florida",-3.6,13.7,-0.377,1.1,2.9,-5,-2.3,-7.5,1.5,-6,-1.7,-2.2,0.6,3.1,5,2.8,-6.5
2021,5,84,"Villanova","North Texas",61,13,23,0,"Villanova-North Texas",13.5,2.1,0.15,-1.2,6.1,-6.9,-2.4,0,-2.1,2.8,-5.9,-0.1,6.2,-2.1,3.8,1.8,5.7
2021,12,80,"Oregon St.","Oklahoma St.",70,4,10,0,"Oregon St.-Oklahoma St.",-0.8,7.3,-0.146,-3.4,3.2,-4.2,-0.8,-2.1,-0.8,-2.4,7.7,-5.9,5.6,0.8,-0.3,-6.5,-6.2
2021,7,95,"Oregon","Iowa",80,2,15,0,"Oregon-Iowa",-10.4,2.5,-0.114,-0.2,1.8,3.5,4,-2.4,-1.4,-5.2,4.5,0.5,4.1,-0.7,-1.2,-2.8,-2.6
2021,1,87,"Gonzaga","Oklahoma",71,8,16,0,"Gonzaga-Oklahoma",14.4,-4.7,0.115,10.2,-1.4,0.3,1.6,3.1,-4.1,7.6,3.1,13.2,0.5,2.7,-2.9,7,8.2
2021,11,67,"UCLA","Abilene Christian",47,14,20,0,"UCLA-Abilene Christian",10.5,2.8,0.137,-0.9,5.3,-2.8,-9.1,-0.2,-3.5,-1.4,-14.5,-0.2,3.1,-1,6,-5.3,2.1
2021,5,72,"Creighton","Ohio",58,13,14,0,"Creighton-Ohio",2.5,-6.4,0.131,-0.1,-4.2,-1.2,-2.2,-3.9,0.8,-2.7,-4.5,-0.1,-5.5,0.1,-1.6,-0.2,5.5
2021,1,86,"Michigan","LSU",78,8,8,0,"Michigan-LSU",-1.2,-8.7,0.065,2.1,-3.6,0.2,-3.3,-2.1,-8,-5,-4.6,0.3,-9,3.7,3.5,-3.5,4.8
2021,4,71,"Florida St.","Colorado",53,5,18,0,"Florida St.-Colorado",4.1,0.5,0.026,2.4,-1.2,3.3,-0.2,4.5,5.8,2.8,8.3,1.8,-2.3,2.3,0,4.1,-0.1
2021,2,96,"Alabama","Maryland",77,10,19,0,"Alabama-Maryland",1,-4.9,0.061,-1.3,-3.2,1.8,4.2,10.6,5,-4,6.3,-2.7,0,0.2,-5.5,8.5,6.6
2021,6,85,"USC","Kansas",51,3,34,0,"USC-Kansas",3.5,2,0.009,2.3,-1.6,0.4,-2.6,4.8,0.4,7,-1.7,2.8,-3.7,1,1.6,-1,-0.6
2021,12,65,"Oregon St.","Loyola Chicago",58,8,7,0,"Oregon St.-Loyola Chicago",0,11.3,-0.185,-7.6,3.7,-1.3,-3.1,3.8,8.4,3.3,15.8,-11.1,7,-1.1,-1.1,1.2,-3.3
2021,1,62,"Baylor","Villanova",51,5,11,0,"Baylor-Villanova",5.3,-2.2,0.047,4.7,-2.7,4.1,5.6,9.6,6.1,-3,5.9,1.3,-2.9,6.6,-1.4,3.7,3.4
2021,3,72,"Arkansas","Oral Roberts",70,15,2,0,"Arkansas-Oral Roberts",3.4,-15.9,0.402,-2.1,-2.8,1.7,2.1,8.5,-6.8,4.9,-3.8,2.2,-2.1,-4.9,-3,1.7,9.7
2021,2,62,"Houston","Syracuse",46,11,16,0,"Houston-Syracuse",7.8,-6.7,0.122,0.6,-5.6,0.3,0.8,9.3,-5.5,2.6,17.3,-1,-6.3,1.8,-3.1,-4.4,3.5
2021,1,83,"Gonzaga","Creighton",65,5,18,0,"Gonzaga-Creighton",11,-4.5,0.077,5.3,0.6,0.3,2.5,5.6,-4.8,9.8,0.2,7.7,0.7,-0.2,0.4,5.5,5
2021,1,76,"Michigan","Florida St.",58,4,18,0,"Michigan-Florida St.",0.3,-2.9,0.022,0.5,-1.6,-3.8,-4.5,-6,-6.6,-3.8,-11.8,1.2,-1.9,-0.3,0.2,-3.5,4.7
2021,11,88,"UCLA","Alabama",78,2,10,0,"UCLA-Alabama",1.3,9.4,-0.099,0.7,5.4,-2,-3.5,-1.1,-5.4,4,-3.9,0.5,3,1.6,6.3,-9.2,-5.8
2021,6,82,"USC","Oregon",68,7,14,0,"USC-Oregon",-1.1,-6.2,0.07,-2.3,-4.7,1.3,-2.9,7.4,0.1,10.7,-2.3,-0.8,-7.7,-3.1,0.6,0,0.6
2021,2,67,"Houston","Oregon St.",61,12,6,0,"Houston-Oregon St.",12.1,-8.7,0.234,2.6,-7.5,-0.9,3.1,9.6,-1.4,-3.3,4.2,3,-9.5,0.9,-2.9,-0.1,5.6
2021,1,81,"Baylor","Arkansas",72,3,9,0,"Baylor-Arkansas",12.8,3.3,0.055,6,1.5,0.2,4.3,5.8,4.7,-5.7,2.4,2.2,1.2,7.9,1.4,-4.3,2
2021,1,85,"Gonzaga","USC",66,6,19,0,"Gonzaga-USC",13.4,-2.2,0.074,8.9,2.1,-2,2.9,-5.3,-3.9,-0.8,1.1,11.9,4.6,1.7,-1.7,7.4,4.9
2021,11,51,"UCLA","Michigan",49,1,2,0,"UCLA-Michigan",-5.8,6.4,-0.117,-2.9,5.8,0.3,2.5,1,-0.4,3.7,3.5,-2.7,7.1,-2,1.6,-2.2,-6.2
